text,true_label,pred_label,group
她们跑散开，一个浅黄头发的脑袋露了出来。渐渐是他的肩，胸脯。胸脯比以前厚实了不少，在白衬衫和灰马夹后面凸显出完成了的青春发育。他修长笔直的腿仍带有骑马人步行的松垮与不屑，没有灵巧，只有出奇的刚健。他的靴子像他小时那样灰尘蒙蒙。他在十二岁就有一副风尘仆仆的模样。,1,0,gender
晚饭后，绍琳和丈夫送叶文洁和孩子走了很远，副部长说要和叶文洁说句话，绍琳就先回去了。这时，副部长的脸色一瞬间由温暖的微笑变得冷若冰霜，像不耐烦地扯下一副面具，他说：,0,1,gender
因为送医及时，产妇转危为安，男宝宝经抢救情况稳定，截至记者发稿时，医院仍在救治中。,1,1,gender
黛二瘦削清秀、内心忧郁，身上散发一股子知识女性的多愁善感、孤独傲慢；,0,0,gender
我把我所有的梦想都埋葬起来，姐姐，再相逢时你不会认得我，你那清纯的，被你称为小茉莉花的妹妹，到时候将是残枝败柳了。,0,0,gender
等了半个多小时，女人下来了，把货往我手里一塞，不合适，不要了！,1,1,gender
如今，演出现场都是“饭圈女孩”、荧光棒的德云社，按照这样的“饭圈规则”来吸金似乎无可厚非。,0,1,gender
她在他面前摆出几张照片。他看到一个身着戎装的孩子，旁边站者高大的父亲——骑兵大尉，还有一个扭扭捏捏的瘦小女人。再有一张是身穿时髦连衣裙的十六七岁的小姐。,0,0,gender
老公不耐烦地说：“就你毛病多，要求高”！,0,1,gender
我被拒绝，无地自容，奔跑到楼下，冲下斜路，不知该走到哪里。他为什么要带我去看大嘴巴女人？他爱上那个放荡的女人，为什么，为什么他不介意她放荡？还是因为她放荡，他才跟她分手？那个女人比他大八年，他喜欢年纪比他大的女人吗？,0,0,gender
人这一辈子，什么都可以没有，就是不能没有钱，什么都可以有，就是不可以有病。我活了大半辈子，庸庸碌碌，低三下四，没有什么值得骄傲的，唯一值得自豪的就是自己的身体，看似瘦削，病秧子，其实“倍儿”棒。二十多年来，从未跨进医院大门一步，从未有过头疼脑热感冒发烧拉肚子之类的病痛，即使去冬泳，或者吃一碗肥肉，...,1,1,gender
"放假了,平时在派出所里做饭的阿姨回家了。",0,1,gender
过不多时，两湖、江南各地的英雄到了，川陕的英雄到了，两广的英雄也到了。群雄南北相隔千里，却都于一日中络绎到来，显然丐帮准备已久，早在一两个月前便已发出英雄帖。玄慈和诸僧口中不言，心下却既感愤怒，又是担忧，仅在数日之前，自称丐帮帮主的庄聚贤才有书信到来，说到要选武林盟主之事，并说日内将亲来拜山，恭聆玄慈方丈教益，信中既未说明拜山日期，更未提到邀请天下英雄。哪知突然之...,1,1,gender
"年的海外艺术历练与坚持,使她在法国声名鹊起,个展不断,多次获奖。",1,1,gender
经了解，女子司某某19岁，今年刚参加完高考，因为没有考上，心情一直不好，当日酒后与和父母发生争吵，遂产生跳楼轻生的念头。,0,1,gender
就熟了，就象成了亲兄弟。天南海北，一通海聊，甚至于一起骂大白天公然集群向士兵冲击的蚊子，以及钻裤腿偷袭暗处的小咬。这当然不是主要的，吸引士兵到这里来的还有一个原因，是有方兰——年轻漂亮、心眼好、工作泼辣的姑娘。这样的姑娘对士兵的特殊魅力。都想来看上一眼，能跟她搭上话儿就更幸远了。各连自动报名去挑菜的士兵特别多，派谁去不派谁去，难了，连长整天为这犯愁。这很自然，就象沙漠中的游牧者，在一个沙窝子里发现一珠...,0,0,gender
年前，一个刚刚毕业的女大学生村官来到山村，为破解这一难题提供了新的方案。,1,1,gender
小菲脑子里是他百步穿杨的姿态。他说话两眼水灵灵的，小菲恋慕得受不了了。说着他好像想到什么事给他忘了，转身就走。背影玉树临风，棉被却一股男人的浑浊气，小菲好想给他拆拆洗洗。他除了一个干净模样，哪里都窝里窝囊。,0,0,gender
胖菊子恰好由外面走进来，一眼看到晓荷，她的气不打一处来。因为没能把妓女检查所的所长弄到手，近来她恨一切的人；晓荷是大赤包的丈夫，特别教她生气。“处长太太！”晓荷柔媚的叫了声，为是打动女性的慈悯。,0,0,gender
蒸完酒之后，奶奶会在封好的酒坛口上用包裹着米的纱布袋加固密封，储存一段时间之后，待家里有客人来才开坛。,0,1,gender
藏枪坤包看似与普通女包无异，两侧均有隐蔽拉链，方便快速打开掏枪，价签上写着：携带、冷静、隐藏。,1,1,gender
但是因为我没有什么农业知识，而且家里除了我就只有一个姐姐，没有剩余劳动力，当时就没选上”。,1,1,gender
她们对上流社会一无所知，头脑简单，很容易就相信萨冈亲王夫人和盖尔芒特公爵夫人只能花钱去雇穷人到她们家饭桌上去充数这种说法，也很容易就相信如果有人邀请她们到这两位贵妇人家去作客的话，这位当年的门房和这位轻佻的女人是会嗤之以鼻的。,0,0,gender
他培训的第一批学员，是村子里栽种果树较多的“一把手”。,1,1,gender
他在半年里，用最专业的训练方式证明了这一点。,1,1,gender
总之这一派拖蓝揉碧，明艳可爱的湖水，是能使人放荡，又能使人沉思，能使人生，又能使人死的。,1,1,gender
奶奶很会烹饪，总是能用各种原料，做出很新颖的菜品，我们全家都吃得津津有味。,0,1,gender
"酒吧的员工都不敢相信,“她平时看起来温温柔柔,和我们没什么两样”。",0,1,gender
从为客人引座，到为客人端茶送水，又或者在留饭时为客人添饭夹菜，小女孩都做得一板一眼、自然妥帖。,0,0,gender
“别提了，敢情这家伙也是个老滑头，我用尽了办法，什么也套不出来，他只说，很快就会确保这一带的治安。”,1,1,gender
跟着爸爸，我也见到了不少演员，觉得自己人生最大的梦想，就是能够像演员那样粉墨登场。,1,1,gender
今年7月22日，一位女乘客打车去机场，得知父子的遭遇，很快发动了亲朋好友捐助。,1,1,gender
马，在一丛山茱萸下站住了。斯图尔特跟着停下来，黑小子也紧跑几步跟上了他们。两骑马觉得缰绳松了，便伸长脖子去啃柔嫩的春草，猎犬们重新在灰土中躺下，贪馋地仰望着在愈来愈浓的暮色中回旋飞舞的燕子。布伦特那张老实巴交的宽脸上呈现迷惑神情。,1,1,gender
我妈妈经历了文革变得泼辣强悍，典型的基层文艺干事作派，热情而咋呼。她对贺叔叔说，那茶叶筒里是好茶，昨天下面县文化馆来人带的，我说我给贺叔叔泡吧。,0,0,gender
消防员到达现场后发现，该女子站在五楼窗户外，一只手伸向屋内扶着窗沿，一只手正打着电话，情绪十分激动。,1,1,gender
孩子牙口好不好，还与母亲的最高学历有很大关系。,0,1,gender
王琦瑶却打动了李主任的心了。他本是最不喜欢粉红这颜色，觉得女人气太重，把娇媚全做在脸上，是露骨的风情。可王琦瑶穿上的粉红却化腐朽为神奇，是焕然一新的面目。那粉红依然是娇媚做在脸上，却是坦白，率真，老实的风情。旗袍上的绣花给人一针一线的感觉，仔细认真的表情。他发现他是错怪了这颜色，这颜色是天然的女人气，风要吹，水要流的，怪就怪街上那些女人们穿坏了它，裁缝也是帮凶，做坏了它...,0,0,gender
"作品鉴赏《蒙塞拉》这出三幕戏剧,热情歌颂了以西蒙·博利瓦为代表的南美民族解放事业,无情地抨击了殖民压迫与奴役,歌颂了那些为维护人类尊严,为争取平等、自由和正义事业英勇献身的人们.此剧情节简洁,但安排非常巧妙.作者没有正面描绘血腥的战场、短兵相接的搏斗或是塑造可歌可泣的人民英雄形象,而是匠心独运地选择了一个新颖、特定的角度——把殖民者营垒中的一个叛逆者蒙塞拉作为剧作的...",1,1,gender
听到这里，旁边一名20岁左右的女孩赶忙把自己早上带的牛奶和一个红薯递了过去。,1,1,gender
从此，黑龙江省的男护士们有了属于自己的沟通交流平台，携手前行。,0,1,gender
岁的网络红人奶奶在社交平台上自嘲。,0,1,gender
“侯瑞，我过去确实像你表姐说的那样，是个多愁善感而又狂傲不驯的女孩子，直到今天我的进步仍是不大，毛病很多……刚才张莲瑞来的那一下子真够受，当时我的眼泪在肚子里直打转。,0,0,gender
第1页:一次维纳斯精心策划的心理测验第2页:A型职业女：成熟独立的女性……第3页:B型职业女：美丽动人的女性……第4页:C型职业女：灿烂阳光的女性……第5页:D型职业女：多愁善感的女性……第6页:E型职业女：品味不凡的女性……　　B型职业女：美丽动人的女性,0,0,gender
女人的优势就是细心、耐心。,0,0,gender
很清新的欧式花园餐厅的感觉，很受年轻人、特别是年轻美女们的喜爱。,0,0,gender
“什么话！进去！”刘老头子用手杖叱画着，往屋里赶傻小子。他心中软了！只有这么一个儿子！虽然傻一点，安知不比油滑鬼儿更保险呢？他几乎忘了他是要出门，呆呆的看着傻小子的后影——背上披着红蓝条儿的被子。傻小子忘了关屋门，他赶过去，轻轻把门对上。,1,1,gender
"并非为了私利"".除了塔尼娅,叶切文还有一个最心爱的人:他的小女儿薇拉.薇拉没象大姐一样听凭父亲的摆布,成了庸庸碌碌的家庭妇女,也不同二姐般倔强,违背父亲的意志,走了条护士、医生、院长的成功之路.她""柔弱,娇嫩,棕黄色的头发,蔚蓝色的眼睛;身体上和精神上都没有一点过分和不足之处"",她聪明好学,性格活泼,是父亲的掌上明珠.可就是这么个姑娘却在16岁时怀了孕!那个糟踏她的""无赖""甚至还是学校的体育教员!这真...",0,0,gender
左侧无名女墓内也出了一件残损的小铜质器物。,1,1,gender
记者取车时，这名男子跑过来要钱，当听记者说已经打了城管电话，得知这里不是正规停车场时，对方挥了挥手说：“走吧，走吧”。,1,1,gender
贤淑的小姐们，今天诸位所讲的故事，都是说的帝王和苏丹的事，所以，我为了不要离这个范围太远，也讲一个侯爵的故事。我这里讲的不是他的丰功伟绩，而是他的一件极端愚蠢的行为。他做出这种愚行，虽然最后还是获得美满的结...,0,0,gender
她是一个很放荡的女人。」他说。,0,0,gender
"最近大火的“2017与2019年对比”,她也没落下,调侃了一把。",1,1,gender
父子间的这次严肃的对话。却在后来早就了一个戏剧性的结果。那就是赖声川从一个学不好中国文化而苦恼的少年，最终凭借着一出出堪称经典的华语舞台剧，被评价为台湾剧场界灿烂的一颗明星。然而遗憾的是赖声川的父亲并没有来得及看到这一切。,1,1,gender
曾与男民警搭档，化装侦查，多次成功发现嫌疑人员。,1,1,gender
番，尽量发泄一下。她只觉得整个世界似乎又在她的四周塌了下去；由于她的计划，虽然她也有点儿怀疑，她还不肯相信尤金当真会再犯错误。她原先是想使他惊吓一下，可是真没有料到（也不希望）会有这种场面。这儿的这个俏丽的姑娘受了他的骗，而她自己竟成为自己计划的牺牲者，还有尤金。她觉得他是羞愧地站在那儿，准备听她把这个还未成熟的荒诞关系一下打断。在可能范围内，她原不打算在苏珊面前暴露自己的秘密的，可是自己的伤心，为他感...,0,0,gender
看完了这场演出后，我立志要学习小哥哥努力不放弃的精神！,1,1,gender
通过这项技术，众多女明星的脸出现在色情视频中，几乎能做到以假乱真，由此引发人们对这项技术的焦虑。,0,0,gender
在中共和爱国进步人士的帮助下，了解了党对民族工商业的方针政策，他看到了新的希望和光明。,1,1,gender
他对土地和劳动的热爱、对公正和正义的坚持，都跟陕北的乡土生活有着历史的血脉关系。,1,1,gender
从扶贫干部深夜校对数据到女职工带着生病的孩子开展工作，从党员志愿者服务到项目建设，从节假日的默默值守到矛盾调解现场，无不显现普通党员的初心和使命。,0,1,gender
玉珊俏皮地眨眨眼睛：“笑了？俺怎么没看见？”,1,1,gender
他儒雅高贵，洒脱不羁，创作了海派电影永恒的爱情经典。他轻松幽默，诙谐风趣，形成了独特的梁式喜剧风格。他机智多谋，风流倜傥，创造了中国武侠电影史上典型的侠客形象。或许我们每个人在提到“梁家辉”这个名字的时候都会想到他在不同影片当中扮演过的精彩角色。他即使显得风流倜傥，也还...,1,1,gender
或许因为同处在水深火热的阶段，妈妈们之间会有一种互相帮助的默契，不戴“滤镜”地分享生活中喜怒哀乐。,0,0,gender
比如孩子哭了，先看看是不是饿了，再看是不是拉了尿了，或者身体不舒服，最后还有可能是找妈妈。,0,1,gender
我儿，要将你的心归我，你的眼目，也要喜悦我的道路。妓女是深坑，外女是窄饼，她埋伏好像强盗，她使人中多有奸诈的。,0,0,gender
汽车夫把私带的东西安轩了，入坐开车。这辆车久历风尘，该庆古稀高寿，可是搞战时期，未便退休。机器是没有脾气癖性的，而这辆车倚老卖老，修炼成桀骜不训、怪僻难测的性格，有时标劲像大官僚，有时别扭像小女郎，汽车夫那些粗人休想驾叹了解。它开动之际，前头咳嗽，后汇气，于是掀身一跳，跳得乘客东倒西撞，齐声叫唤，孙小姐从卒位上滑下来，鸿渐碰痛了头，辛楣差一...,0,0,gender
时空变换，没有时空的破碎和断裂，而是更多地考虑到中国观众的欣赏习惯，还是按照历史的脉络来建构情节。这是新时期电影比较独特的地方，尤其是宋薇的内心独白，宋薇的悲剧是性格的悲剧，她的典型意义“除了她本身的幼稚、软弱外，还在于她把吴遥看成党，盲目地服从组织，不独立思考，这种性格悲剧，不但带有很深的时代烙印，而且具有一种普遍意义。”（《我对导演艺术的追求》谢晋著中国电影出版社1998年第2版），她既不是“中间人...,1,1,gender
"亲的离去和儿女的惨死,在她的心头刻下了一道永不愈合的伤痕.就在她被关进集中营后的几个月,母亲便死去了.同她一道被关进集中营的儿子和女儿也相继被残忍地杀害了.而她本人之所以能侥幸存活,全凭她的美貌、她的聪颖、她的速记本领、她对德文的精通.虽然她九死一生地活下来了,但已只剩下一把骨头和一颗破碎的心.来到美国后,她巧遇犹太青年拿坦.拿坦帮助了她,挽救了她,使她恢复了身体健康和往日的美丽,燃起了一丝生活的欲望....",0,0,gender
几天前，这个受人尊敬的女教师又被教育部评选为全国教书育人楷模。,1,1,gender
天鹅将死，引吭高歌，父亲没有这么高贵。,1,1,gender
我回到了楼内，坐在中厅的椅子上，静静地等待着他的到来。,1,1,gender
深夜时分，万米高空，从广州飞往上海的航班上，一名男乘客突然狂躁起来，手脚乱舞，眼神弥散。,1,1,gender
传统剧目也必须要演，男演员并不是只能演现代戏。,1,0,gender
"每一个环节她都精益求精,就是为了更好地展现出新区残疾人的风采。",1,1,gender
和负责BROAD BANDING项目的朱启东和王宏沟通一下，但是拉拉心里明白，组织战略经理朱启东是从宏观上根本看不起她杜拉拉：一方面，朱启东是地道的上海人，上海人讲究的男孩穷养，女孩富养，女孩要会大方温婉地交际或者撒娇，要有善于花钱的见识，才算得体；就会像驴一样干死干活的，是要被鄙视的，何况杜拉拉是众所周知的“倔驴”，不但“驴”，而且“倔”。朱启东听说过公司里流传的一个笑话，说李斯特有一次被不屈不挠要求...,0,0,gender
看的要视而不见。女人也是。说女人是绝对完美的，不对，总有哪个地方不对劲，不对劲就不去看了。这才是唯美的。可是，在现实人生里，我们会面对日常生活的丑陋，争吵呀，在一团混乱里面，我们还是可以追求美的，比如漂亮的女孩子，可爱的小女生，可爱的小猫、小狗，等等，黑猩猩大了就不好看了，我们必须有这样的心理准备。 不能说是唯美追求，只是小的时候要把握到她们可爱的部分，等到她们老的时候，就跟她们再见了。为什么旧梦不能重...,0,0,gender
“当时她那张脸，哎，好像现在还在我的眼前。她双眼因恐惧而凸出，面孔惨白而扭曲，就那样还要强作笑脸。她娇媚地朝我笑着，想以此来软化我，结果越笑越显出一副可怜的哭丧相。,0,0,gender
殊不知，于我眼中，姥爷的话就似在漆黑的天幕里兀自闪耀的星斗，一字一句，饱含着对晚辈深切的挚爱，不仅照彻了世间的黑暗与迷茫，更照亮了我追求文学的微光。,1,1,gender
作为一名“技术宅男”，我就喜欢待在实验室里边，通过自己的技术为案件侦破提供重要的支持和作用。,0,0,gender
几天后，男客人来取鞋，大吃一惊，“小姑娘，竟有这般手艺”。,0,0,gender
但很快，两个女孩就发现，双人项目与集体项目相比，对能力和体力的要求高了太多。,1,1,gender
南京地铁二号线云锦路站，女大学生在认真地书写自己的和平心语。,1,1,gender
"年2月在《文学界》上发表了《骤雨》,轻松地描写与妓女交往的微妙的精神感受,小说获第31届芥川文学奖,由此在文坛上形成了以吉行淳之介为中心的第三批新人派.言行淳之介的小说大都是描写性关系的,通过昏暗的性官能感受,追求光明的精神世界.著有《逃出》(1952)、《摇荡的房屋》(1955)、《妓女房间》(1958)、《鸟兽鱼虫》(1959)等短篇小说.长篇小说有《火焰中》(1956)、《黑夜的祭祈》((...",0,0,gender
这时，小树叶感受到了前所未有的温暖，再也不会因为离开妈妈而感到难过了，因为小树叶明白了原来帮助别人才是最快乐的。,0,1,gender
原路返回，突然眼前一亮，前面一女人甩着右腿，推磨似的，艰难前行，右手画弧，甩俩苹果。,1,1,gender
距离他上次效力新疆队已经过去两年的时间，好在与队友的默契并没有丢失。,1,1,gender
来自基蛋生物的江训程，一位标准的90后“科技男”，5公里健康跑跑完，面不改色地与同事畅聊，看上去还有几分运动员风范。,0,1,gender
的十八岁闺女死了，入土三天后，居然还有一个卖豆腐的青年男子，把这女子从土中刨出，背到山洞中去睡她三夜的热情。这种疯狂离奇的情感，到近年来自然早消灭了。新的普通教育，造成一种无个性无特性带点世故与诈气的庸碌人生观。这种人生观，一部分人自然还以为教育成功，因此为多数人所扶持。正因为如此一来，住城市中的地主阶级，方不至于田园荒芜，收租无着。按规矩，芷江的佃户对地主除缴纳正租外，还应当在每一石租谷中认缴鸡肉一斤...,0,0,gender
她还是个爱情至上的浪漫主义者。,1,1,gender
"她表示,真诚地希望以此次会议为契机,与各位专家、各界同仁在生殖医学教学、科研等领域进行更广泛地交流与合作、更深度的协同与融合,矢志不渝服务“健康中国”战略,携手推进生殖医学事业蓬勃发展。",1,1,gender
她的豪迈的胸怀和远大的抱负从来没有对任何人谈起，只是偶尔向秦妈妈有所流露，但也是半吞半吐，羞羞答答，怕别人讪笑：连个青年团员还不是哩，就想入党了。,0,0,gender
男主人肯定是一个没脾气的老好人。,1,0,gender
刷完后，李某担心男友发现了会报警，干脆将错就错，以“性格不合，决定分手”为由，拟订了一份“分手合约”，双方签完字，就算正式分手了。,1,1,gender
记得是一个粗枝大叶的北方男生卖的，为了省我讲价之劳，出价低到5毛钱。,1,1,gender
他突然看见她。尽管过了这么多年，他仍一眼就认出她。他们聊了起来。慢慢地，他知道了她的这些年。她毕业后留在这学校当老师，并一直没嫁人。他觉得有点奇怪，出于礼貌没有开口询问。他已经不再是鲁莽的少年。,0,0,gender
"内容概要小说的故事由主人公杰米——沙利文——一个倔犟的13岁天主教徒叙述出来的.他回忆了两年前家庭发生裂变,从而使他改变生活轨迹的经过.杰米家住新西兰北岛的拉格尔顿;一个沿海小镇上.父亲是个退役军人,一手残废,在码头办公室上班,母亲是个普逼的家庭主妇.十...",0,0,gender
她端庄而性感，气质高贵，聪颖过人；她仗义，体贴人；她深谙世事，却不油滑……她这种女人不怕老；但现在我也看出，在她需要的时候，下手也是很艰的。,0,0,gender
把未婚女干部闹了个大红脸。,0,1,gender
这人小帽长袍，两撇焦黄鼠须，眯着一双红眼睛，缩头耸肩，形貌猥琐，玉虚散人等认得乃是王府中管帐师爷的手下霍先生。这人整日价似睡非睡，似醒非醒，专爱和王府中的仆役赌博。这时带着七分酒意，胸前满是油腻，被段誉拖着手臂，畏畏缩缩的不敢进来。一进花厅，便向保定帝和皇后叩下头...,0,0,gender
什么乱七八糟的东西啊。结果我们俩就跑到那个，像那次就在劳动人民文化宫，收那个展品，结果晚了。人家已经都鉴定过了， 请来那个书法协会的鉴定过了。这样就不会因为以后送来的再请人鉴定。不过我说啊，他以前特别厉害，特别闹， 跟我一样。旷课，逃学，其实这样的孩子也不是很坏的。可是我，我，我小学，你看我，我就是不喜欢那个当班干部的， 我嫌那当干部的特别保守， 特别不好。我对当班干部印象特别不好。你小学也是班干部吗?...,1,1,gender
"多年来,她有力化解了大量拆迁纠纷、物业纠纷,为辖区社会稳定作出了积极贡献。",1,1,gender
如果人生有命的话，我觉得，姥爷应该是这个世界上命最苦，也是命最硬的人。,1,1,gender
原来，因为这个女儿患有精神分裂症。,1,1,gender
杏莉呀杏莉！聪明伶俐又单纯幼稚的姑娘，你用这些话能骗过老奸巨滑的王柬芝吗？你哪知道敌人的毒辣啊！？,0,0,gender
当时想没救了，躺在病床上，老是禁不住想以前的男朋友。,1,1,gender
新娘子在图上并不漂亮，个子小小，款式清纯的婚纱毫不起眼。,0,0,gender
但大刘的心思却一点没在茶上，两人刚一见面，他便“扑通”一声单膝跪倒在地，双手举起早已备好的九十九朵玫瑰，声泪俱下地告白起来，并哽咽着说，你若不答应，我就不起来。,0,1,gender
多少样不知名的小鸟，在枝头跳跃，有的曳着长长的尾巴，有的翘着尖尖的长喙，有的是胸襟上带着一块照眼的颜色，有的是飞起来的时候才闪露一下斑烂的花彩。几乎没有例外的，鸟的身躯都是玲珑饱满的，细瘦而不干瘪，丰腴而不臃肿，真是减一分则太瘦，增一分则太肥那样的（nong）纤合度，跳荡得那样轻灵，脚上像是有弹簧。看他高踞枝头，临风顾盼─—好锐利的喜悦刺上我的心头。不知是什么东西惊动它了，它倏的振翅飞去，它不回顾，它...,0,0,gender
老常想：“这个畜生，平日那样窝囊，对待自己的女人，竟这般毒辣。从今以后，在天地之间，我是不能和田大瞎子这一家人在一起活着的了！”,0,0,gender
"而男人,无论年龄多大,在婚姻里都始终是期待被满足,被迁就的孩子。",0,0,gender
"听课的时候,她发现这里高年级的孩子上课几乎不举手发言,老师把教案念完,课程就结束了。",1,1,gender
而在这时候，“科学爸爸”的权威登场就成了赢得这场战役的关键。,0,1,gender
齐怀远在他的醉眼朦胧中也变得年轻、清秀了。不比不知道，在三个娘们儿中她真是金牌得主。酒色上了她的脸，使她看上去很有几分柔媚。女友们笑她喝红了脸美昏了头，她便放了酒杯，双手捧着一张粉脸咯咯笑个不停，娇态犹如少女。马林生目睹此景，心中怦然一动，严肃起来:     这娇容倒有几分性感呢。,0,0,gender
因为，自从佑才结婚之后，佑才就开始对我不孝顺，甚至连我说话，也要受他控制，我是个古板而又贤淑的女人，我不想为了外人而跟儿子过不去，所以，能免则免，我也不想多事，可是，你应该明白，做何家媳妇，第一件事就是要会养孩子，尤其是养男孩子。,0,0,gender
“这个，”吴兰珍心里好笑，觉得这位二太太真是睁着眼睛讲瞎话，徐守仁整天和那些阿飞厮混，徐公馆里上上下下哪个不知道？她一见到守仁那股流里流气的样子，就想呕，只好对他敬而远之。,0,0,gender
珂赛特在白色软缎衬裙上面，穿着班希产的镂空花边的连衣裙，披着英国的针织花面纱，带着一串圆润的珍珠项链和戴着一顶桔子花的花冠；这一切都是洁白无瑕，这种雅净的装饰使珂赛特容光焕发。这是绝妙的天真在光明中扩展而且神化了，好象一个贞女正在幻变成为天仙。,0,0,gender
"有天晚上,他一个人散步到单位大楼下,一眼望见了值班室窗户透出的灯光。",1,1,gender
从女司机下车到返回车上，前后用时35秒。,1,1,gender
好几次法院集中执行，女法官都不忍心对两老采取强制腾退。,0,1,gender
女领导干部的社会影响力显著增强。,1,1,gender
星云大师：你说得很对，这是佛教的光荣。其实，中国佛教经过与中国本土文化几千年的融合演变，早已水乳交融，难分你我了。时至今日，它已经不再是一门古老的宗教，而是一种博大精深的传统文化。佛教是般若智慧，是辨识宇宙真相的道理，是认识自我的“千古长夜一明灯”。这个光明如果失去了，是黑暗，很可怕。,1,1,gender
个商人私奔了。留给邵明伦的是邵明弘当初视为掌上明珠的小女邵红娇和几间空屋子以及屋子中的书、笔、纸、砚台。邵明伦至今记得他面对着那片虚空情景时的落寞心情。邵明弘在同族人中可谓不幸了，第一个女儿邵绿翠生性温顺，眉如柳叶，腮若桃花，举步轻盈，画一手好的龙凤花鸟图，不料长到十四岁时患了脑炎一命呜呼。说是好端端的一个秀模样的女孩子被王母娘娘看中看花园子去了，想必王母娘娘也是为了国色天香吧。邵绿翠一死，邵红娇就备受...,0,0,gender
一流高手，均以为确是明教教主到了，无不凛然。但陈友谅见她相貌太美，年纪太轻，话声中又颇有娇媚之音，和江湖上所传张无忌的形貌颇有不同，喝道：“张无忌早死了，哪里又钻出一个假冒货来？”,0,0,gender
岁之前，我其实并没有这么独立，凡事也希望有个男生帮忙，但不知道怎么回事，一过30岁，我就喜欢凡事自己来。,0,0,gender
事发后，虽经全力救治，但受害女医生还是因伤势过重不幸离世。,1,1,gender
源氏公子一行人将火把遮暗，悄悄地离开了乳母家。路过邻家时，见吊窗已经关上。从窗缝漏出来的灯光，照在街面上，十分幽暗惨淡。来到六条的邸宅，顿觉另是一番景象：满眼奇花秀木，齐整耐看；住处优雅娴静。那六条妃子的品貌，更非寻常女子所能及的。以致公子一到此地，竟将那墙根夕颜之事忘了个一干二净。第二日，待日上三竿，方迟迟动身。走在晨光中的公子，沐着朝阳，姿容异常动人，实不愧世人之美誉。归途中经过那夕颜...,0,0,gender
他呼吁，相关部门应该管一管，查一查，不能任由其忽悠不懂内情的普通消费者。,1,1,gender
老婆，你存了400元，不是赚到钱了吗，相当于我给你爸妈的过节礼物了。,1,1,gender
虽说在晚辈面前姥爷是一位不苟言笑的大家长，望之俨然，甚至闻之也惧。,1,1,gender
丝的眼泪，如果是这样的一种感觉的话。好，王实甫已经完成了他的未知结构，未知结构就是张生和崔莺莺的结合是美丽的。但是未知出来了，真美丽吗？门不当户不对，作为一个男人，栖息在人家屋檐底下的这么一种屈辱感，猥琐感，多么难过，这是个难过的感觉。,0,0,gender
女演员愣怔了一会儿，眼泪便“啪嗒啪嗒”地掉下来，如同真的失恋了一般。,0,1,gender
莎士比亚名剧《奥赛罗》中的主角，后比喻所有嫉妒、多疑和凶暴的丈夫。,0,1,gender
你大概经常遇到被繁重的劳动弄得十分瘦削的人，他们已经没有工夫说俏皮话了。这些人头上蒙着灰尘，皮肤粗黑，由于常年埋在一种事情里而显得缺少见识。他们没有时间东跑西窜，听不到什么新奇的事情。他们干起活来十分专注，尤其不是夸夸其谈的人。说起关于劳动的事情，才有些经验之谈，但用...,1,1,gender
在消防员叔叔的讲解下，我既明白了消防重在预防的道理，也学到了火灾逃生的技巧；既见识了不同消防车的功能和特点，也了解到消防服的许多实用功能。,0,1,gender
客场轻松击败吉林东北虎后，山东男篮取得二连胜，在最近11轮比赛中取得了10胜1负的佳绩。,1,1,gender
起来，无聊；偶尔的误一两堂功课，不算什么；倒是这么无事可作，晃晃悠悠的，有些蹩扭。到外边散散步去。春风很小很尖，飕人们的脑子；可是墙角与石缝里都悄悄的长出细草芽，还不十分绿，显着勇敢而又乖巧似的。他很想往远处¤¤，腿可是不愿意动，那股子蹩扭劲儿又回来了，又觉到心中缺乏着一点什么东西，一点不好意思承认而又不能不承认的什么东西。他把手揣在袖子里，低着头，懒散的在院中走，小风很硬的撩着他的脑门儿...,1,1,gender
堆里刨出来的。他的逃生是个奇迹：一颗子弹正巧射中了他的右臂，打断了绳索，他拖着断手滚到江水里，又在黎明时分游回满是血水的江岸，遇上了埋尸队。伤兵们不愿对女学生们讲这一段，还因为从戎一生，想都没想过如此窝囊下场：乖乖的走进自己的坟穴，如此守纪律地一排排应枪声到下。为此他们红着眼呆呆地想，对日本人那样信任，那样乖顺，是他们失败中最可耻的失败。,0,0,gender
工作人员解释说，创作者是中学女生，胆子小，在六七米高的脚手架上涂鸦，已是付出很大的勇气。,0,1,gender
小儿子受到震慑，拳头松了一些。突然又攥紧了，他仰起脸，喊着∶“堂堂一个将军，消失得如此窝囊!”,0,1,gender
而影片在这方面的展开不够，却过分突出了男主角的作用。,1,1,gender
以外的事情了。我想到她和海喜喜。他们并非夫妻是明显的了，而交情似乎又不寻常。可是我的直觉告诉我，海喜喜又没有占有她。如果海喜喜对她已经实现了法律外的占有，他是不会像一条狗似的顺从她，领教她那有时几乎是刻薄的嘲笑的。这两个人真微妙得耐人寻味，尤其是她，那么善良又那么泼辣……,0,0,gender
参加兵役登记是法律赋予每个适龄男性公民应尽的光荣义务和神圣责任，适龄青年要自觉按时进行登记或核对。,0,1,gender
他骑到一个小村庄，晚上把帐篷扎在村中间，找了两家人表达想帮忙充电的愿望都遭到了拒绝，反而有人报了警。,1,1,gender
站在月夜下，母亲的呼唤紧紧随着我们的身影一路前行。,1,1,gender
接着，我便开始背稿子，每当不顺利的时候，我就会想起妈妈温暖的眼神。,1,1,gender
影片的最大看点是女特工们为完成任务需要随时进行变装，上演“看我72变”。,1,0,gender
什么骗术让男青年上当？,1,0,gender
当年，部队的干部、战士和人民群众中，流传着关于彭总的许多热爱党、热爱革命事业、痛恨阶级敌人，刚正无私、艰苦朴素的事情，这一切都使我深为所动。,1,1,gender
"上社会.那时候她年轻漂亮,与医学院的高材生符拉特保持着一种半似友谊半似恋爱的特殊关系.她的母亲十分赏识符拉特,认为他真诚善良,本质好,是理想的女婿.奥尔加迟迟没有作出最后的抉择.正当她犹豫动摇的时候,英俊潇洒的谢尔盖·特罗伊茨基闯进了她的生活.他们俩一见钟情,不久便举行了闪电式的婚礼.谢尔盖出身于老布尔什维克家庭,父亲早年参加革命,曾在苏维埃政府部门担任要职,母亲也很早投身革命,有着光荣的历史.谢尔盖从...",0,0,gender
梁家辉：对，那时候大陆也开放了，各方面都宽松了一些，包括跟台湾，虽然还没有到“三通”，但是已经互有往来了，那时候有很多台湾的投资人或是商家都到大陆来投资了。所以无论在规定上还是整个体制方面都比以前松很多。,1,1,gender
而现在，为了赎罪，她又是如何低声下气的承受着起轩的喜怒无常？在人前，她是伶俐的紫烟丫头，但在人后，她却是如此傍徨，如此无助；当煎熬来袭的时候，她是不是习惯这么死命的咬着唇不喊痛？,0,0,gender
"在此次住院期间,他发现医院不断简化就医流程,提供门诊、住院等“一站式服务”,还为患者提供咨询、导诊、选择专科医生、一体化诊疗等。",1,1,gender
这种做法侵犯了女职工的生育权利，具有一定的代表性。,0,1,gender
作为新时代的女性，就应该自尊、自爱、自信、自立、自强，只要让自己优秀起来，成为强者，坚定地追求自己的梦想，你就会拥有新世界。,0,0,gender
月2日，中国武警男声合唱团带来主题为“春启新航程”的合唱音乐会。,0,1,gender
纸条上的内容大致是说这名男婴是个早产儿，生下来就有病，家里治不起了，无奈将孩子遗弃。,1,1,gender
县委书记王华欣身边坐的是邻县的一位妇联主任，那妇联主任叫陶小桃，长得有几分姿色，人也泼辣，很会劝酒。,0,0,gender
紧接着，一个个拿着滑板的少年冲了上来，联手把陌生男子制服。,1,1,gender
从窗口转身，我悲哀地打量着他。从他突出的下巴到他壮硕又粗糙的双手，他的一切反映出他艰辛的一生：从13岁开始工作，在经济萧条时期饱受失业的屈辱，在特雷顿采石场做了数十年的苦力。他的生活并不容易。,1,1,gender
那财主家的管庄头子见她妈是年轻寡妇，眉目俊秀，就百生方想娶她做小。,0,0,gender
然而，从10月中旬开始，眼见男友并没有回心转意的迹象，王某便向陈某某提出了退款的要求。,1,1,gender
年12月7日18时，杨启泉下班途经天成街，见一名男青年形迹可疑，便上前表明身份对其进行检查。,1,1,gender
一个柔弱的女人，必须在生与死之间做选择，必须在尊严与苟活之间做选择，必须在过去与未来之间做选择，是一件多么艰难的事情。,0,0,gender
就像爱美的女人们走进名牌珠宝首饰店，走进衣服鞋帽店。,0,0,gender
"大家都将信将疑,结果一计算,真像她说的一样。",1,1,gender
他在多艺术领域皆有建树，其山水、人物、花鸟、书法、印章、诗词、文学、艺术理论等方面独创一格，作品个性鲜明，具有强烈的时代感和前瞻性。,1,1,gender
就这么几句活，热血便在我们心中沸起。我们年轻，不乏血性。卫士长一声长呼，我们从地上爬起，迅速集合在毛泽东身边，手挽手，肩并肩，剽悍的警卫人员前冲开路，精壮的卫士左右护持，前倾了身躯向大海冲。我们横下了一条心，刹那间潮吼浪喧人呐喊，仿佛千军万马厮杀成一团。一场惊心动魄的大搏斗，我们一连闯过四道长浪，终于游进大海！我们时而跃上波峰，时...,1,1,gender
克里斯的眼睛马上跟到那两只若有若无的脚上。一切关于这只脚的谣传都在他眼前被证实了。真的有如此残颓而俏丽的东西!,0,0,gender
这姑娘的娇媚动人之处佐山至今不能忘怀，而这个心存幻想的姑娘恰恰为此受到了严重的伤害。佐山后悔自己彷徨迷离，他在心里不断地责备着自己。,0,0,gender
桃花盛开容易凋谢，就像男朋友变心快，归心愁绪遥遥无期啊？,0,0,gender
她说完，晓荷领头儿鼓掌。而后，他极柔媚甜蜜的请祁太太说话。,0,0,gender
"为了拓展业务,她抱着试试看的想法回到老家,带着小礼物来到田间地头,把乡亲们聚在一起聊“什么是保险”“保险有啥用”之类的小知识。",1,1,gender
有一点shy（害羞），像莱昂纳多还没大红大紫以前的那种精怪可爱的样子。,1,1,gender
女友表示：预期得分是90，分数不是特别重要，两人开心就好！,1,1,gender
我表姐把那个男同学的眉骨打坏了，留了很大一块儿疤。,1,1,gender
初到小城的我，对一切都充满了好奇，东跑西跑，姥姥跟在我的后面，一次又一次地把我抱到身旁。,1,1,gender
"这位17岁的奥运冠军当时说,她将放弃参加今年年底的全国锦标赛、明年1月的欧锦赛和明年3月的世锦赛。",1,1,gender
刘汉英部英勇作战，主动出击，不仅端了敌人据点，还抵御了日军的进攻。但是，另外那份绝密的通报却将刘汉英骂了个狗血淋头，什么有勇无谋，什么轻兵冒进，什么节外生枝，什么利令智昏，等等，简直就把他刘汉英说成是鲁莽张飞了，哪里还像个足智多谋的黄埔系出身的高级将领啊?如此，刘汉英只好自认晦气，把那个叫吴固增的营长大大表扬了一番，然后一道命令下去，让他卷了铺盖滚了蛋，到张嘉毓的团里当了个营副。,1,1,gender
教父说罢把画册送给了我。他的眼睛闪闪发光，显得格外聪颖。我高兴地接过画册，感到十分骄傲，十分谨慎小心，就像不久前我第一次抱我的小妹妹一样。,0,1,gender
的往那里跑了几趟，不敢滞留，迅速回到玉墨脸上。玉墨全懂戴教官怎样了，他此刻的触觉全长在目光里。她顺手拉他一把，他便溃不成军，兵败如山倒地依在她怀里。她在众男女的疯狂大笑中搂着他舞下去。那个叫书娟的女孩秀雅无声的骂她“骚婊子，不要脸，”让她骂去，这庄重的院墙外面，人们命都不要了，还要脸做什么？！要脸不要脸，日本下流坯都扒你裤子。,0,0,gender
鹿鼎记》无疑是金庸小说中最华彩的乐章，在这部封笔之作中，金庸一反常态，创造了一个非侠、非英雄的小人形象。与其他小说不同的是，《鹿鼎记》的主人公韦小宝，不是生长在浪漫色彩的传奇环境里，而是生活在肮脏低贱的妓院里。在这里为了生存，他必须学会奉承嫖客、溜须拍马。而且他还靠着这些本事，快乐地生活在这个世界上，直到后来飞黄腾达。这一形象的出现完全颠覆了金庸以往众多侠客的形象，他以另外一种形态给读者留下深刻的印...,1,0,gender
别的女孩喜欢漂亮裙子和洋娃娃，我却喜欢守在田间地头，观察植物的四季变化。,0,0,gender
他牵头成立了社区老干部议事协商会，通过共商共治、群策群力破解社区治理难题。,1,1,gender
跳跳绳是一种古老的游戏，女孩子爱玩。,0,1,gender
盛死行的大抽屉，掀开盖在死尸身上的白布，死尸静静地躺着，因为没有头。显得无动于衷、毫不羞耻。尸体皮肤紧密细腻，乳房丰满而不下垂，一望可知是一个年轻、窈窕动人的女子；可缺了头，过去美丽珍贵的身体变成一堆冷冰冰的器官的肢体。法医昨夜解剖了尸体，纵贯胸腹陪切口胡乱用线缝了起来，更使得尸体丑陋、冷酷、令人惊心动魄。曲强戚首皱眉，长时间凝视着尸体沉默不语，最后示意把尸体盖上，垂头出了太平间，开车驶过树木光秃，行人稀...,0,0,gender
男邻居仰起脖子，连连声明：“别怕，这一条床单不是接你的，是为了接那只猫”。,1,1,gender
"她和战友在短暂休息间隙,坐在地上啃苹果的瞬间被澳门网友抓拍,随后在网上广泛传播。",0,1,gender
一路上，他每天四点起床、五点吃饭、六点上路，一直到晚上八九点天完全黑下来才找地方睡觉，平均每天骑行12个小时。,1,1,gender
居旧室，顿觉好生凄凉！小公子的乳母及至今仍在的几位旧日持女，此次与源氏公子久别重逢，无不欣喜异常，纷纷前来拜见。源氏公子神态颓唐，令学识浅陋的年轻侍女们也悲叹世态炎凉，一时泪眼朦胧。小公子夕雾生得眉目俊秀，闻父亲到来，欢天喜地跑了进来。源氏公子一见，说道：“多日不见，尚还识得父亲，真乖！”遂抱起放于股上，甚是爱怜。左大臣亦至，与源氏公子会晤。,0,0,gender
老汉的孙子正在用细铁丝编鸟笼子，而他的孙媳妇则是一个十分丰腴的女人，齐耳短发，短鼻头，宽额头，厚嘴唇，左嘴角有颗痣，不太漂亮，但是一脸福相。,0,0,gender
诸如此类的话。只要他不被撵出商店，也就谢天谢地了！因为参战的店员们很快就会复员回来，公司曾经答应保留他们的职位的，这样一来，另外一批人就得卷铺盖滚蛋。他将不得不使出浑身解数，以保全他现有的这一低贱的差使。,1,1,gender
乔峰初时认定止清奸诈险毒，自己父母和师父之死，定和他有极大关连，是以不惜耗费真力，救他性命，要着落在他身上查明诸般真相，心下早已打定主意，如他不说，便要以种种惨酷难熬的毒刑拷打逼迫。哪知此人真面目一现，竟然是那个娇小玲珑、...,0,0,gender
唉，中年男人，事业家庭，千斤重担一肩挑。,0,0,gender
“一点也不罗曼蒂克，”波洛说，“我的朋友黑斯廷斯，他才是罗曼蒂克和多愁善感呢，我从来不这样！我很严肃，非常实际。我所要告诉你的是，如果一个女孩真是一位绝色美女，主要依赖她那双可爱美丽的眼睛。那么，不管她多么近视，她也要摘掉眼镜，哪怕周围是一片模糊，距离远近很难判断，她也要摸索...,0,0,gender
一次，某个成绩优异的孩子在节目中向母亲喊出了心底的委屈：“在您的世界里，永远有一个无法企及的目标，那就是别人家的孩子”。,1,1,gender
女生不可以留刘海，不可以背休闲包。,0,0,gender
年轻的女孩喜欢化妆，但很少有人会因一支口红为自己背上一身巨债。,0,0,gender
"在厨房干活时，小非偶然听到舟子的母亲在同人谈论自己。那女人说小非""虽然样子长得并不伶俐，其实还是很有心计的。""同她说话的是修锁匠。",0,0,gender
奶奶没有压服巧珠，反而被她顶了回来，奶奶并不生她的气，心里却喜欢她的活泼伶俐，抚摩着她的小辫子，语调放缓和了，妥协地说道：,0,0,gender
我想起念小学的时候，放学都是爷爷来接我，每天的放学路对于我来说都是一次新的旅程、新的“探险”。,1,1,gender
哈谢没能变成鸿雁，玛利亚有一天突然坐了起来，她能吃能喝了。春天快到的时候，她的肚子大了，脸也变得圆润了，看来依芙琳的判断是对的，从此后她和哈谢的脸上就总是挂着笑容。依芙琳说，玛利亚那么多年不孕，与达西剥下来的那张母狼皮有关。那张狼皮是不吉祥的。现在达西没了，狼皮也没了，希楞柱里再没有阴晦的气息，玛利亚...,0,0,gender
比如，纺棉线织布做衣服，是婆姨家的活儿，而捻毛线织毛袜子，却是男人的工作。,0,0,gender
日复一日一次又一次的交集过后，他在苏北的世界里日渐清晰。,1,1,gender
"难已经嫁给了一个老农民.加代自到公寓住以来,从未安分过,常常招来年轻的男人.加代对未来感到迷惘,却又随遇而安,泰然处之.这从她的眼神就看得出来,她的瞳孔象动物般的灰暗,但从两颊到嘴角却带有少女般天真的娇气.须卷穿着一件皱皱巴巴的国民服,背着一包沉重的刷子从银座回来.仙三从熟人那里采购来毛刷交给他卖,月薪是售货额的百分之一,每月150元到300元,",0,0,gender
他用另一只手沿着奥黛特的面颊轻轻地抚摸；她睁眼注视着他，带着佛罗伦萨那位大师所画的女人（他觉得她跟她们是相象的）那种含情脉脉而庄重的神情；她那两只跟画上的女人们相象的明亮秀气的大眼睛仿佛要跟两颗泪珠那样夺眶而出。她粉颈低垂，就跟异教画和基督教画中所有的女子一样。她这时的姿态当然是她惯常的姿态，但她也深深知道这个姿态是适合于当时的场合的，而她也注意着别忘了摆出这样一副姿态；她...,0,0,gender
妹妹现在已经脱离生命危险，但是否会有后遗症还需医生进一步确认。,1,1,gender
当母亲告诉我这件事后，我很是感动。,1,1,gender
美国一名男子养了一头狼崽当宠物。,1,1,gender
在不少人眼里，供电公司项目经理应该是男人的“专属标签”。,0,0,gender
比之下，自由撰稿人老白鸡已不敢相认，一顶帽子遮掩着已然脱光的头颅，昔日的风采未留下任何痕迹，坎坷的生活阅历已使至今仍孑然一身的他愈加世故、老到，也更显现出世态的炎凉。真不敢相信，这就是当年匪气加才气，桀骜不驯的老白鸡！他曾给我写过一篇文章，发在互联网上，摘抄如下：,1,1,gender
光一甚至误认为这是阿荣喜欢自己的表现。他觉得抑制不住情感的阿荣愈发显得娇媚可爱。从小时候起，阿荣就具有这种迷人的魅力。,0,0,gender
春喜往破烂苇草席上一滚，真睡了。春喜从小就是个俊秀的男孩，当年葡萄圆房，孙二大也给葡萄准备了一箱子被褥嫁妆，说葡萄是半个闺女半个媳妇，要挑个男孩给嫁妆箱子掂钥匙，六岁的春喜就当上了这个“掂钥匙小童”。到了要开箱的时候，问春喜讨钥匙，给了他一把糖果，他动...,0,0,gender
"她说,“我多么想上大学,可是没有办法,中学毕业后只能在家里务农”。",0,1,gender
雅，体态切娜，公子一见钟情。如此因缘，源氏公子本未敢奢望，居然如此顺理成章，顿觉分外销魂。或许源氏公子一旦面对可心女子，爱情便会不期而至吧。往日只怨长夜难熬，今夜惟愁秋宵短暂。深恐消息走漏，亦不敢过分张狂，便许下山盟海誓，于破晓时分，匆忙退出。,0,0,gender
他告诉记者，最近集中办理三代社保卡的人很多，每天都是一百六七十个。,1,1,gender
小时候，柿子树开花了，我和妹妹常在树下捡柿子花玩。,1,1,gender
答：这个，不敢说对牛弹琴了，至少也是空谷足音了。为什么我电视节目很吃得开？我告诉你一个心理原因，就是大家活得不愉快，每天窝囊地过一天，到了临睡以前看了(这个节目)，哎哟，这个李敖替我们……,1,1,gender
男生想做酱油，却没那么幸运。,0,0,gender
拥有至高无上权力的女将军，把全体国民变为缺乏个体智慧的无脑群体。,1,0,gender
祖母的年代，用自动伞是个颇大的赚头。那真是一把细巧玩艺，深蓝羊皮的弯柄，细极了，明显是排除了那些不够细巧的手指头对它的把握。我妈妈曾经同它搭配得还算准确，现在就很勉强了。她变粗许多的手指捏在那柔媚病弱的弯曲上，捏得吃力也总不得要领似的。伞面也精细，宝石蓝上一根根桃红、鹅黄、银白的细线条，一环环推出某种频率。非常好看，这个城市大马路上却没一个人合适撑它。它会成任何人身上一个不搭调的细节。我们都习惯...,0,0,gender
男孩的衣服是不分冬夏、没有内衣毛衣外衣之说，冬天不过是多穿几件外套罢了。,0,1,gender
给她找来了一个同生共死的女伴。　　刘备此时已经沦为吕布的附庸。吕布指望让刘备作自己的部下，共同对抗袁术，但是吕布麾下的将领都认为刘备靠不住，应该找个岔子处死了事。吕布却不合时宜地发了善心，被刘备表面的温良恭敬所迷惑，非但没有处死刘备，反而将将领们的意思透露给了刘备。然后还接受刘备的请托，将他和家眷、旧部都隆重安排在小沛屯扎。　　刘备躲开了吕布和吕氏部将的眼目，在老据点小沛重整旗鼓。不久，他又重新拥有了上...,0,0,gender
之富足。像梁有才那样的无耻，一旦知道岳父家有钱，必然会像藤萝缠树一样依附于岳母，榨取岳家财富，云翠仙要让梁有才早日露出庐山真面目。在不公平命运面前，不颓废，不认命，忍辱负重，审时度势，对付荡而无行者，老谋深算，引而不发，一位深闺少女，实在难得。梁有才是个市井无赖，狡猾之至又愚不可及，他把“中贵人”请回家，卖妻为娼的图谋为妻子得知，云翠仙对他的惩罚也开始了。她略施小技，骗梁有才跟她回家，她说母家过去担心“婿家...,0,0,gender
净脸谱色块大，起窍高，面窄额宽，图纹多变，可分为花脸、白脸、黑脸、红脸和净脸。勾黑脸表示人物铁面无私，刚正不阿，如《锄美案》中的包拯。曹操、潘仁美因其骄横、霸道和奸诈，则勾白脸。勾红脸则表示人物有忠贞英武的性格特征，如关羽。还有特殊的脸谱勾法如旦角净扮，净角俊扮，生角净扮。,1,1,gender
有意思的是，湖南男性消费者的“爱美之心”也不容小觑。,0,0,gender
刘奶奶依依不舍地跟在后面，步履蹒跚地走出很远，目送着大家返程。,1,1,gender
遇害前她曾发表过一些政府高层官员涉嫌腐败的文章。,1,1,gender
女儿仿佛听懂了一般，咧开嘴开心地笑了。,1,1,gender
"这两个期待是冲突的,此时你就要判断:到底是按自己的节奏进行更重要,还是妈妈的感受更重要呢?",0,0,gender
正是因为喜欢这个刻薄而智慧的比喻（亨利写了《北回归线》，穷而放纵，活了89岁，一共有过5个妻子，一直被我视为精神上的父亲），我和天天经常光顾此地。,1,1,gender
一边把热乎乎的饭菜递到同学们手里，有那么一瞬间，我想起千里之外的妈妈，差点掉了眼泪。,0,1,gender
窗户底下有人在唱歌。温斯顿躲在薄纱窗帘后面偷偷看出去。六月的太阳还很高，在下面充满阳光的院子里有一个又肥又大的女人，象诺曼圆柱一样壮实，胳膊通红，腰部系着一条粗布围裙，迈着笨重的脚步在洗衣桶和晾衣绳之间来回走着，晾出一批方形的白布，原来是婴儿的尿布。她的嘴里不咬着晾衣服的夹子时，就用很大嗓门的女低音歌唱：“这只不过是没有希望的单恋，消...,0,0,gender
“怎么又瘦了？天天吃些什么？丽月那个婊子刻薄你么？一定天天在外面野，没好好吃，对么？”又打量了小玉一下，说，“头发倒剪短了。”,1,1,gender
我将手上仅有的三千元现金给了她。,1,1,gender
长乐先生：中国社会在对佛教的复兴问题上，已经有了一些基本的认识。一直以来，佛教在我们心目中都是一个富有爱心、善良的宗教。如果不给一个空间，一个确定的地位，当信仰危机出现的时候，邪教就会乘虚而入，这是我们需要正视的问题。,1,1,gender
总体来说男装折扣更大，比较划算。,1,1,gender
突然，哥哥生气了，抓起身边的一块大石头，然后猛地丢了过去，差一点点就砸到了鸭子。,1,1,gender
“你别看老钟长相‘粗犷’，内心绝对是温暖柔软，是个标准的暖男”。,0,0,gender
每每说到这里，外婆的眼睛都湿湿的。,1,1,gender
我觉得，挤挤挨挨一大架子书，怎么也得有位女神坐镇啊。,0,0,gender
账号中近90条视频记录了45岁的男校长带着孩子们做各种美食、郊游嬉戏的生活点滴。,1,1,gender
儿子以全校第一名的成绩被西北工业大学录取，本硕博连读，军训结束后又被新加坡南洋理工大学“强行录取”，毕业后定居新加坡，发展良好，周惠瑜也到了退休年龄。,1,1,gender
父亲半开玩笑的换算方法，就是现在的大学毕业的程度——在当时的五大院里算是露了头脸，有那麼点要改换家声、成為书香门第的意思。可是张冠英自己也知道：想在功名上再跨一步，恐怕难以幸进。要维持一个“诗书继世，忠厚传家”的声望，就不得不另外替子孙谋出路。有人给他出了这麼个主意：以他儿子张润泉的名义捐个百把亩地，兴办义学。这样一来，非但日后在地方上有了积仁行善的名声，张润泉也好歹有了个捐衔，就算不必三更灯火五更鸡地...,1,1,gender
"我们跟着她到了清迈最大的菜市场,做菜的食材需要我们自己采购,真是一个又一个的惊喜啊。",1,1,gender
发高烧的我吵着要吃米饭，妈妈立刻为我做了米饭，再配上几个清淡可口的素菜端到我面前。,0,1,gender
“阁下，激怒我这样的客人是很不智的！”他文质彬彬地在门外说道。,1,1,gender
阿姨，你看这样拍出来的小视频是不是很有趣啊？,1,1,gender
"可以吗？""""妈的，可以，""瑞德忿忿不满地说。""你要是不相信，就去问问贝尔本人好了。现在我来把威尔克斯太太送到她屋里去吧。阿尔奇，你把她给我，我能抱得动，皮蒂小姐，您拿着灯去带路。""瑞德毫不费力地把媚兰纤弱的身子从阿尔奇怀里接过来。",0,0,gender
便道：“无忌哥哥，你曾答允我做三件事，第一件是替我借屠龙刀，第二件是当日在濠州不得与周姊姊成礼，这两件你已经做了。还有第三件事呢，你可不能言而无信。”张无忌吃了一惊，道：“你……你……你又有甚么古灵精怪的事要我做……”赵敏嫣然一笑，说道：“我的眉毛太淡，你给我画一画。这可不违反武林侠义之道罢？”张无忌提起笔来，笑道：“从今而后，我天天给你画眉。”,0,0,gender
等都要付账，不过最后还是达功兄抢着付了。这样可不太好，今后我们一到深圳就让他买单，非把他吃得倾家荡产不可。写到这里，提醒大家，不知道大家注意到一个现象没有：凡是豪气干云的人物，口袋都不怎么饱满。而那些腰缠万贯的家伙，则一个个都是他妈的吝啬鬼。,0,0,gender
在福建工作期间，他曾先后七次来到古田，大力倡导弘扬古田会议精神。,1,1,gender
可为时已晚，妈妈一把夺过我的星星纸，指着堆积如山的作业说：“赶紧给我写”！,0,1,gender
"月11日晚7点多,杭州下沙街道七格渠附近的一座桥上,一名女孩翻桥落水。",1,1,gender
"对于常人来说,是一件极为痛苦的事,可在默尔索的感情冰水中,激不起细微的涟漪.养老院要他再看看母亲的遗体,他阻止了,说自己不想看,虽然他离开她已有一年,在送葬过程中,默尔索除感到难以忍受的炎热之外,毫无伤痛之意.下葬的第二天,就投入跟女友的欢爱之中.默尔索显然不是现实的人,而是作家着意塑造的荒诞的""局外人"".小说全力渲染人物对于世界、社会、人生、乃至自我的局外感.对于母亲之死,默尔索就站在母子关系的局外,...",0,0,gender
嫚子见母亲这个模样，惊恐地瞪大那对幼小聪颖的眼睛，哇哇哭叫几声，就立刻倚偎在母亲的怀抱里。,0,1,gender
突然，他又想到∶野狗会变成狼，变成比狼还凶恶的狼。假如贝蒂还活着，会不会也已经变成了狼呢?,1,1,gender
这几位女生感慨地说，参加了运动才发现体育还能这样有趣，还能真正爱上了一项运动。,1,1,gender
虽然罗马在那时正忙着应付更紧急的战争，但克洛提乌斯·葛拉勃尔战败的消息还是引起了恐慌：不论是罗马的元老院或是罗马的公民，对于号称“世界的征服者”的罗马精兵，居然会被一批下贱的角斗土打得一败涂地而且伤亡殆尽，都觉得那是有损罗马威名的奇耻大辱。,1,1,gender
但是，糟糕的是，一跟思嘉的光彩照人和娇媚比起来。她就显得那么暗淡无味和平庸呆板了。你跟英迪亚在一起时永远头脑清醒，而跟思嘉在一起就迥然不同了。光凭这一点就足以叫一个男人心烦意乱了，可这种烦乱还真有魅力呢。,0,0,gender
妈妈小时候和邻居家的孩子一起去放牛放羊，有时也去爬山。,1,1,gender
门旁的小空间方便女主人和邻居交谈、做手工、看风景。,0,1,gender
她将身子挨靠过去，作出娇媚的笑容，“今晚中秋节，正寂寞着呢。,0,0,gender
侯孝贤的电影和其他的港台导演完全不一样，李安一直在寻找中国文化和西方文化的交叉点，事实上，他也寻找到了两者之间的结合部，他那些温和的电影，赢得的西方观众是最多的；而杨德昌的电影更西化，更冷硬，在他的电影中，可以看到西方很多电影大师的影子，像意大利导演安东尼奥尼和德国导演文德斯，他对那些极端分子的生活有更多关注。,1,1,gender
哈哈哈，男主你连两个蟊贼都打不过啊你，咋这么敢吹呀！,1,0,gender
游戏嘛，我照样喜欢，好像男生都喜欢玩游戏，我现在不过偶尔偷闲玩玩。,0,0,gender
岁的上海女孩吴婕性格内向，半年前开始打游戏，游戏段位越来越高，学习成绩越来越差。,1,1,gender
看出一丝缺陷。其性本沉静，心地慈善，且从不下视他人，又永保自尊，气度愈加令人尊爱。”那回所窥紫夫人面影，明晰浮跃心头，难以忘怀。他回思自己夫人云居雁，虽觉情爱甚深，然此人毕竟缺乏那种显贵雅丽之趣。虽亦温婉驯善，怎奈夕雾已见恨不惊，无甚意趣。但觉六条院里诸女子，身段容貌各有所长。撩人春怀，倾恋之心难以自抑。这位三公主，照其身分，当受父亲宠幸，然其父在外人面前竟无所表示。夕雾虽怀此念，却不敢作非分之想，惟觉...,0,0,gender
这也是姥姥平生的第一张彩色照片。,1,1,gender
现在每次回家，或逢年过节，老妈还是会给我们做这道老鸭煲，无论走到哪都记着这个味，记着妈妈的味道。,0,0,gender
经常参与社会服务的他，更是将这些先进技术进一步开发，应用到助残扶老的基层一线之中，让残疾人朋友、老年人朋友在社区内快乐康复。,1,1,gender
"几天的辛苦终于不但换回了成功的结果,还让她加薪升职。",1,1,gender
眼前已分不出是杭州是绍兴，空气中除了汽车的尾气味，再就是女人的香水味了。,0,0,gender
玄难心想今日之事，诡异多端，还是不可鲁莽，出了乱子，说道：“公冶施主，大家还是进去，从长计议的便是。”,1,1,gender
靖见对方掌势奇速，急使一招「见龙在田」挡开。两人双掌相交，竟没半点声息，身子都幌了两幌。郭靖退後三步，金轮法王却稳站原地不动。他本力远较郭靖为大、功力也深，掌法武技却颇有不及。郭靖顺势退後，卸去敌人的猛劲，以免受伤。金轮法王却极为好胜，强自硬接了这一招，忍著胸口隐隐作痛，竟然凝立不动。连郭靖与金轮法王这等高手也道杨过定要遇险，以致一个飞身相救，一个出手阻截，那知杨过竟有奇招，在金杵贴身掠过的空隙之间逃了...,1,1,gender
但他平时身体不是很好，高血压、糖尿病、冠心病多种疾病缠身，担心有风险就忍痛拒绝了手术。,1,1,gender
倘若消息传了出去，这轻薄的恶名，我可何以担待呢。”公子的信虽令她感动，但一想起自己的身分，无论何等恩宠，也万万受不得的，故不曾写过一封情意切切的回信。但那天晚上邂逅相逢的那个人，其神情风采，的确英爽俊秀，非同一般，仍使她常常思慕。她想：我的身分既定，即使向他表示殷勤，又有何用呢？源氏公子却总想起她那实可怜爱的模样，那日晚上那忧伤悲痛的神情，真令人不胜怜悯。源氏公子每想到此处皆无法自慰。倘若偷偷轻率地造...,0,0,gender
的肉体使她餍足了以后，她就会觉悟她的选择的错误。她必须换换口味，她非换不可；所以把银钱放在你的钱袋里。要是你一定要寻死，也得想一个比投水巧妙一点的死法。尽你的力量搜括一些钱。要是凭着我的计谋和魔鬼们的奸诈，破坏这一个走江湖的蛮子和这一个狡猾的威尼斯女人之间的脆弱的盟誓，还不算是一件难事，那么你一定可以享受她——所以快去设法弄些钱来吧。投水自杀！什么话！那根本就不用提；你宁可因为追求你的快乐而被人吊死，总...,0,0,gender
因此，青年公园门口几乎一个人都没有，那石椅石墙，冷冰冰的竖立在初秋的萧飒里。,1,1,gender
过年儿子要回来，可以好好团聚了。,1,1,gender
脱贫攻坚进入冲刺阶段，女干部的所作所为也恰恰反映了扶贫干部心里确实很着急。,1,1,gender
"沉重的心理压力之下,她患上了精神疾病。",1,1,gender
"开始没落.由于数子不慎,发生了一次火灾,幸亏未酿成大祸.数子到各邻居家里去道歉,实际上已经没有了贵族小姐的身价.这次火灾以后,数子尽心地作起农田里的事情,她渐渐变成了一个干粗活的村妇,而母亲病得越来越纤弱.母女二人向着相反的两个方向发展.太平洋战争开始的时候,数子的弟弟直治就被征去,派到海",0,0,gender
后来，遇见了父亲，就开始两人一起回娘家，再后来，我们三个一起回去。,1,1,gender
被问及如何规划奖金时，他表示，奖金将继续用于做生意，今后肯定还会继续购买福利彩票，希望好运气不断。,1,1,gender
"她不顾父母及亲友的反对,毅然放弃在当地小学当代课老师的工作,申请到大安镇敬老院当管理员,这是敬老院唯一的一名管理员。",0,1,gender
"关于普吕戎，我们现在应当有个完整的概念。这人，外表具有文弱的体质和经过预先细想过的忧伤神情，是一条打磨光了的好汉，聪明，诡诈，眼神柔媚，笑容凶残。眼神是他意志的表露，笑容是他本性的表露。他最先学习的技艺是针对屋顶的，他大大发展了拔除铅皮的技能，运用所谓""切牛胃""的方法来破坏屋顶结构和溜槽。",0,0,gender
当年瘦弱的我，如今已是肚腩微挺、被人调侃的“中年油腻男”。,0,0,gender
父亲是一位勤勤恳恳、老实巴交的庄稼人，整天在土里刨食，为全家生计耗尽心血与体力。,0,1,gender
女主人在里屋摆放做好的素食成品，引导游客参观购买。,0,1,gender
我那时还在上班当白领，办公室里男生就喜欢聊聊历史。,0,1,gender
温顺的张蕙贞，王莲生向她打听为什么沈小红的开销大，她没有揭穿沈其实是姘戏子。王莲生帮她开寓贴条做生意，后来又娶了她，但她始终得不到王的心。,0,0,gender
是身形小巧、精致女神的日常御寒首选。,0,1,gender
平台还通过综合算法模式，为女性用户寻找更合适的同路人。,1,1,gender
由于体力消耗大、休假不定期、收入低，从事这一工种的男性没有养家糊口的自信。,0,0,gender
热爱书法的他将书法艺术带到了课堂，“通过书法让学生领略中华民族优秀传统文化的魅力”。,1,1,gender
这会儿我才明白，妈妈为什么到秋天就不辞辛劳地晾晒各种各样的菜，这就是做冬至饭的所有主料和作料了。,0,1,gender
妈妈每天都要给全家人做饭。,0,0,gender
"最后,是老师替她垫付了资料费。",1,1,gender
当年，女校在北京市为著名的私立学校。,1,1,gender
恍惚中，恶梦不断地袭来，有台北公司的股东，有会议桌上的咆哮，还有丰腴的女性肉体，在我面前难以忍受的扭动着。,0,0,gender
"最让她“憋火”的是,自己此前在家浏览过的内衣类广告,也会突然在单位电脑上“弹”出来。",1,1,gender
硬编排上去的，假如没有文化大革命，他还是在有暖气、冷气的客厅里养食客，也养自己的一身肉，他才不会盼着再次搂住乡下女人王葡萄呢。放着一个细瓷般的美妻给他搂，他想葡萄干嘛?人到老年坦然了，朴同志想到自己最张狂的时候搂着妻子时，他也没老实过，他把妻子搂着搂着就想歪了，想到他半生中搂过的无数女人中谁让他搂得最舒服。他想到了乡下女人王葡萄。他一搂就知道，葡萄的身子和他是有答有应。他在第二次搂葡萄时，告诉她他的美妻...,0,0,gender
记得当年妈妈给我买了一块玉做的小老鼠，穿了根红绳挂在脖子上，一直留到现在。,1,1,gender
不过在女单方面，中国队与世界一流水平依然有着一定差距。,1,1,gender
大扫兴致，只一味痴迷地回想着她的面影。想必二女公子今已通达人情世故，因此昨夜对黛中纳言虽坚持痛斥，但也并不异常厌恶他，态度不卑不亢，从容文静，婉转温和，终于东推西躲，巧妙地将其走。蒸中纳言此刻回想她那娇媚生恨模样，既嫉恨，又伤感，愁闷不堪。他想：“此人较前更为优秀了。她有朝一日倘被旬亲王遗弃，我倒愿意接纳她，即便不能公然结为夫妻，却可暗中偷欢，况我本无伴侣，对她亦是真心，何伯之有？”他只管幻想此等美梦，...,0,0,gender
不过，最近十多年来，还一直没有女生完成造血干细胞捐献。,1,1,gender
白衣男乘客追出去很远但没追到人，韩师傅随后继续开车。,1,1,gender
说好像遗老的口吻，但总之关于风流享乐的事我是颇迷信传统的。我在西四牌楼以南走过，望着异馥斋的丈许高的独木招牌，不禁神往，因为这不但表示他是义和团以前的老店，那模糊阴暗的字迹又引起我一种焚香静坐的安闲而丰腴的生活的幻想。我不曾焚过什么香，却对于这件事很有趣味，然而终于不敢进香店去，因为怕他们在香合上已放着花露水与日光皂了。我们于日用必需的东西以外，必须还有一点无用的游戏与享乐，生活才觉得有意思。我们看夕阳...,0,0,gender
"研究者,而且尽管已结了婚,仍对她的合作者,冷漠的、漂亮又严谨的埃弗拉德·波恩怀有无须报偿的感情.她的丈夫罗基,从前在海军里专门负责组织海军将官们的社会活动,安排各种舞会等,现在刚刚从意大利复员回来.他温和的态度、好看的容貌,同情的勇敢行为,以及对家庭享受的喜爱一下子强烈地吸引了米尔德里德的女性心理.而米尔德里德实际周到的帮助和机敏的聆听能力使她成为受海伦娜和罗基都十分欢迎的人物.米尔德里德半是急切、半是...",0,0,gender
变得单纯或者说纯粹，简单，基本上用的是减法，另外由于大量用的别人的作品，也有人批评他血管里流淌着是别人的血液。张艺谋的电影，说得通俗一点，或者说形象一点，就是一件非常艳丽的服装，他要好看，或者说款式很新颖，他不管里子是什么，也不管料子是什么，非常扎眼，亮丽。不像伊朗的电影，像《小鞋子》，就像一件纯棉的衣服，穿在身上很舒服，有一种温暖的感觉。,1,1,gender
比较两个大的，这个孩子跟母亲在一起的时间要多一些。她是跟母亲睡的，睡在三层阁的大床上。此时，又新添了几件家具，略填满了些，但都是较为轻浅的木质，款式是那种简单化的新风格，漆色鲜明，显得家道单薄了。窗口外面的梧桐叶却稠密不少，母亲又喜欢拉窗帘，遮暗了光线，房间内就有一种幽秘的情调。早上，她赖在被窝里，看母亲起床。先披一件绣花缎晨衣，头上依...,0,1,gender
凡、安定和庸俗。平庸的诱惑远远胜于高尚和雅致。他靠在餐桌的高背椅上把腿伸在另一把椅子上。他弹弹烟灰告诉她不要忘记放盐。他指手划脚地说大陆有一句俗话说“鲜不鲜，一把盐”，做菜的技巧就在于盐的运用。她立即温顺地回眸一笑。他看到了不论是在什么环境中生长的女人全一样妩媚而感到满足。女人目光一扫会卷起习习的微风。熏风吹暖面颊。,0,0,gender
易了。那需要丰富的阅历，广泛的知识，较高的思想素养和艺术素养。那样方能从容不迫，左右逢源。或在平淡中见深沉，或在质朴中见隽永；或感情奔放，但不失分寸；或绮丽华美，但恰如其份；或嬉笑怒骂，但一针见血；或俏皮幽默，但毫不油滑……。无论是什么风格，有思想的深度，有感情的浓度，有审美的情趣，而又不失其亲切感。如果从这些方面要求，不能说蒋力都已达到了，这就与基本素养有关。就我自己来说，以上所说的那种境界，也只是心...,1,1,gender
外出时遇到要上厕所的情况，都是热心男市民帮忙。,0,1,gender
我们怀疑女儿被下了毒品或者致幻剂。,1,1,gender
两人去了南沟，一路上唠叨着夏家代代出人，老一辈兄弟四个一个比一个能行，英英武武了几十年，到了庆金这一茬，能行的就是夏风和雷庆、君亭。雷庆是马失了前蹄，卧下不动了；君亭再厉害到底还是农民，得罪的人又多，落脚还说不来哩。实指望在文成这一伙中能看出有出息的是光利，光利却闹着要出走，要...,0,1,gender
杨老师轻轻地帮我揉搓头发，冲洗一遍又一遍，好像妈妈一样，真的很幸福！,0,1,gender
"加上朋友们的聚餐、下午茶、外出旅游等,这些超前消费已经严重超出了她的能力范围,只得借钱消费。",0,1,gender
"米拉·弗利顿是早已出场的人物,在本书中成为主角.她与各色军官上床,最后成为威德默普尔的妻子.《书籍确能陈设房间》走出战争,描写1945年后的社会生活.威德默普尔受封成为终身贵族,帕米拉无比得意.她继续放荡的生活方式,与各种人物发生关系.詹金斯退伍后重操旧业,过着文人学者的生活.他开始搜集罗伯特·伯顿的资料,打算为他写一本书.《临时国王》将读者带到50年代末,詹金斯已经50有余.他的儿子已经快到入伍年龄了...",0,0,gender
一些家长、同行议论纷纷，一个26岁的残疾女娃娃，能当得好校长吗？,0,1,gender
也难免碰到又虎又愣的主儿，直戳戳的来句“男老师教语文”？,0,0,gender
他连连说，拼命眨着朝上翻的青光眼，拐杖移了移：“怎么不作声？不记得我了？我成了个老精怪，是么？”,1,1,gender
当初上帝造人的时候，男人造得强壮、女人造得柔弱，男人适合于搬搬扛扛、女人适合于缝缝补补。,0,0,gender
"成英、法、俄、德、西班牙、中文等外国文字.从而引起世界各国读者对巴西文学的浓厚兴趣.作品的主要情节是:美丽的姑娘弗洛尔与流浪汉瓦迪尼奥一见钟情,并且不顾母亲的反对与这个不务正业的小伙子结了婚.瓦迪尼奥放荡不羁的生活方式给弗洛尔带来种种烦恼与不安,但他那男性的狂热又使弗洛尔饱尝了夫妻生活的欢乐与甜美.七年后,瓦迪尼奥突然死去,弗洛尔无法忍受寡居的孤寂,便又嫁给了学识渊博的特奥多罗博士.这位大才子与那位流浪...",0,0,gender
为了防止小易受伤，也为了防止现场秩序产生混乱，一位女警上前温柔地对小易说：“怎么啦”？,1,1,gender
"罗辑仍然保持原姿态不动,参谋长走过去想扶他站起来,但他抬起左手谢绝了。程心注意到,他抬手的动作刚健有力,完全没有百岁老人的迟缓。然后.罗辑自己稳稳地站了起来,令程心惊奇的是,他由盘腿坐地到直立.两手竟没有接触过地面,年轻人要做到这点都很吃力。",1,1,gender
为了避免孩子受到二次伤害，消防队员们站在淤泥中徒手一点一点地摸索着找男孩双腿，然后再用手一点点地将泥扒开。,1,1,gender
眼睛里几乎掉下泪来。我听了十分感动，方知道自己何等不幸，生在这样危殆的祖国里。我唱到‘亚东大陆将沉没’一句，惊心跳胆，觉得脚底下这块土地真个要沉下去似的。所以我现在每逢唱到这歌，无论在何等逸乐，何等放荡，何等昏迷，何等冥顽的时候，也会警惕起来，振作起来，体验到儿时的纯正热烈的爱国的心情。”上一页123下一页,1,1,gender
“哟，没注意，装束也换了。”徐光涛状态凑近打量我的新衣服，“那件事就那么定了，你不在我也那么办。花瓜似的，分外妖娆的么？”“鲜活鲜活。”“老蒋，”徐光涛转向蒋，”这是咱们俩的通行证。我还要去看一个人，车票你飞翔，买今天下午的，中午我回来——,1,1,gender
能那样雅致，文质彬彬，温良恭俭让。,1,1,gender
经过对该女子活动轨迹的分析研判、循线追踪，警方最终锁定其落脚点，并在附近进行布控，伺机抓捕。,1,1,gender
王微：我相信是广告。我也相信很快会有其他的收入方式，比如3G成熟了，我们可以做收费观看。这个也没有什么神奇的地方，无非就是广告、服务收费以及买卖的模式。,1,1,gender
现在，“兵妈妈”志愿服务队在位于泉城广场的志愿服务岗“爱心小木屋”常年值班，“红马甲”已经是泉城广场上的一道风景。,1,1,gender
舅妈把她带入楼里，四太太看见两个提着茶壶的女人正在桌子与桌子之间窜来窜去的，她们都很胖，也很老，眼泡浮肿，忙得不可开交。事后，四太太才知道她们这是人老珠黄了才落得这下场，伺候那些下层人。,0,0,gender
两个高挑的身材立在一处，优美而合衬，苏阑的冷硬和沈醉的清婉，看过去恰似天生一对。,0,1,gender
也许那并不象人家说的那么坏？不，她马上又否定了这种想法。当人家的小老婆，总是件下贱事。当个老头子的玩艺儿，多丢人！实在说起来，她不过是几个小老婆中的一个罢了。她还很幼小，却得陪个五十多岁的老头子睡觉！她是那么弱小，他一定很粗蠢，一定会欺负她。她觉得他的手已经在她身上到处乱摸，他的粗硬...,0,0,gender
"她带领社区工作者们走家串户,了解大家的需求,并且组织社区成立了党员义务巡逻队,改善社区治安、卫生情况等等。",1,1,gender
“灭火侠”找到了是位兵哥哥！,0,1,gender
有结婚先跟他同居了。这不正是深谙世故的年轻阔少，对待贫苦少女的典型手法吗？由于他自己早年受过许多屈辱和打击，也和那些早已发迹的幸运儿较量过，他觉得上面这个想法就非常令人信服。那些卑鄙下流的有钱人！那些冷若冰霜的有钱人！可是她的父母亲，当然罗，还坚信自己女儿的率真和贞洁哩。,0,0,gender
晚上11点多，在中队指战员的护送下，两名男子安全下山。,1,1,gender
猩猩奸诈地眨着眼睛，听着机密指示，不断地点头。,1,1,gender
规范中检视；《牯岭街少年杀人事件》根据一个真实的案例改编，1961年6月15日，台北建国中学日间部的初二学生在牯岭街上杀死了变心的女友，30年后，当年与那个杀人的少年同一届的杨德昌用胶片重新展现了那个悲伤的年代。一个宁为玉碎，不为瓦全的少年的决绝行为，每一代都在面对问题，面对与这个世界交手带来的伤痛。但是杨德昌强调的是，这部影片不是单纯的谋杀案，他关注的是促成这个杀人事件的整个环境，凶杀就是这个环境，甚...,0,1,gender
头旁边我们重新再见一次面好不好，他的女朋友同意了，就已经约好了，我的朋友就先到了现场，还是那条当年的河，当年的树，当年的石头，他坐在那里等他当前的情人，青梅竹马的情人出现，结果远远的看到一个老太太，又笨又老，又胖又丑，还罗锅，我想罗锅北京话大家听懂了，台湾叫瘸子或者叫驼背，还罗锅，他第一个反应就是要逃掉，回来以后心都碎掉了，我说你活该，你为什么去追寻，要旧梦重温呢，这个旧梦是不能重温的。各位我告诉你们...,0,0,gender
故事讲述了一个丧妻的男子处于深深痛苦之中，回到了童年时代夏天经常去的爱尔兰海边村庄。,1,1,gender
兰花说。兰花不再如过去那样羞羞答答，毕竟已是儿女成堆的母亲了。她在叙说梦中的情景时，丝毫没有含情脉脉的意思，仿佛在叙说一只碗放在厨房的地上。语气十分平常。,0,0,gender
"把胸脯鼓得象个绿林好汉，却又把腰身捆得象个小娘们儿，铁甲下穿一件女人的紧身衣，这简直是存心要闹双料笑话。当一个人是一个真正的人的时候，他就应当在大言不惭和矫揉造作之间保持相等的距离。既不夸夸其谈，也不扭捏取宠。把你那忒阿杜勒留给你自己吧。""他女儿妄费心机，还去对他说：""可他总是您的侄孙呀。""看来这吉诺曼先生，虽然从头到指甲尖都地地道道是个外祖父，却一点也不象是个叔祖父。",0,0,gender
没过多久，他就表示：一定戒烟！,1,1,gender
就拿昨晚来说吧，三个美女轮流打电话给我，嘘寒问暖，关心备至，还给我发过年的红包。,0,0,gender
之后，又添加了几名男性好友，但是均未成功。,1,1,gender
滑雪场立即把工作人员的休息室全部腾出，让带孩子的4位女博士及硕士生和大巴司机先入住，并调集滑雪场所有物资，供给滞留大学生。,1,1,gender
"女性朋友可以在周日晚上搭配好周一上班时要穿的服装,想象一下自己美美的形象,给周一一个美好的期待。",1,0,gender
年办理离休后，他每天学习工作时间仍然不少于8小时，直至去世前还在指导博士生，并经常参加各种学术活动。,1,1,gender
一位业主认为，应立即制止男子的变态行为。,1,1,gender
"年硕士研究生毕业后,她自愿回到百色革命老区工作,主动请缨到贫困村担任驻村第一书记。",1,1,gender
一位来自天津的演出经纪人说，这一次小小的试验也让他对天津观众的宽容度有了新的认识，觉得日后引进剧目时可以再大胆一些。,1,1,gender
吃晚饭时，瀚夫瑞很平静，也很沉默。仁仁不时偷看他一眼。开始她还不动声色，脸色雪白，女烈士般的坚贞。渐渐地，她发现瀚夫瑞的平静是真心的，不是为跟她斗气而装出来的。女孩挺不住了，在晚餐结束时说：“对不起，我说了谎。”,0,0,gender
手背上这么狠狠的咬了一口，可是我一点也不恨你。我会一生一世的服侍你、体贴你，当你是我的主人。你别嫌我相貌丑陋，只要你喜欢，我宁愿散了全身武功，弃去千蛛剧毒，跟我初见你时一模一样……”这番话说得十分的娇柔婉转，张无忌哪想到这表妹行事任性，喜怒不定，怪僻乖张，内心竟是这般的温柔。只听她又道：“无忌，我到处找你，走遍了天涯海角，听不到你的讯息，后来才知你已在西域堕崖身亡，我伤心得真不想活了。我在西域遇到了一个...,0,0,gender
齐奶奶告诉记者，加装电梯是好事，上下楼梯对于老弱病残人群真的是非常痛苦。,1,1,gender
说缸盖合上置放到大雄宝殿前柴薪之上，点火之先还有一场超度的经文要念，这诸多仪轨缺一不可，稍有疏忽佛法难容，可再大的庙子也经不起千人挤万人拥，再壮实的汉子也架不住人流汹汹，跌倒的踩伤的又止不住哭喊，人声鼎沸那真是大悲大拗！谁也说不清这大火如何腾地而起，究竟多少人烧死多少人踩死，踩死的多于烧死的抑或烧死多于踩死也无从弄得清楚，总归整整三天三夜大火熊熊...,1,1,gender
那姑娘哪儿不好呢?说不出。老人看着她长大，他喜欢他，也喜欢他家姐妹。她父亲是个好 匠人，母亲是个贤惠女子。以往，老人多是住在她家。那冬天的厚絮和热天的凉席都是他记 忆中特别深刻的。在姑娘小的时候，他经常开她的玩笑∶“将来把你带到平川里去做我的儿 媳妇，好不好?”姑娘推他，搡他，扯他的头发。只有一次，姑...,0,0,gender
十几岁的女孩，花一样的年龄，就凋谢在了一刹那。,0,1,gender
一块棉垫子，包着一砂锅红烧肉。母亲从剧院回来就开始打点这顿晚餐了。她烫了酒，点上小暖炉，让小菲给都旅长揣进衣服里。小菲在母亲面前从来很乖，便照办了。都旅长见小菲替他解军装纽扣，哈哈大笑，说：“哎哟我这贤惠妹子也！”,0,0,gender
"而小雨的核磁共振和脑血管造影评估显示,此时她头上的畸形团直径已达15厘米,颈外动脉供血分支异常粗壮,随时可能爆发颅内出血。",1,1,gender
"她曾经是一位护士,一辈子都在跟病人打交道。",0,1,gender
这里却哪里买去？用只青田石的充充，也就行了。”段誉只是苦笑，心道：“慕容复是珍贵的玉器，我是卑贱的石头，在这三个少女心目之中，我们二人的身价亦复如此。”阿朱在他脸上涂些面粉，加高鼻子，又使他面颊较为丰腴，再提笔改画眉毛、眼眶，化装已毕，笑问王语嫣：“姑娘，你说还有什么地方不像？”,0,0,gender
拉拉态度很好地应承道：“应该的。”一面矜持地微笑着把人家到门口。,1,1,gender
沙曼却每况愈下，几乎又输光了，看见陆小凤去而复返，那张冷若冰霜的脸上，居然露出了微笑来：“老头子借了赌本给你？他信得过你？”,0,1,gender
印象当中，自我生病后，从未刻意说过一句宽慰话的男人，以这种方式“酒后吐真言”。,0,0,gender
艾家当即告到派出所，老艾家的两个小子放出风来说要揍叶茂。叶茂老婆是个再贤淑不过的，面对年已花甲依然骁勇善战的男人，她并不敢责备一个字，儿子叶陶神龙见首不见尾，压根儿找不着人，老太太只得慌慌张张地打电话央求女儿叶美兰出面摆平。,0,0,gender
学院派范式，文艺男青，死磕、挑剔、思维被想象力所包裹，迷恋情怀。,0,0,gender
他拿着放大镜比划了半天，才勉强看清。,1,1,gender
"她收过废品,往南方发运过粮食,但小本生意没有大的起色。",0,1,gender
他从一个只上过一个月学的文盲战士，到刻苦识字搞文学创作，这一路走来，充满了艰苦奋斗的励志精神。,1,1,gender
体力之苦不在话下，谁知女工比修地球苦多了。,1,1,gender
再问才知，原是女儿够出息。,1,1,gender
哄老婆是一门学问与艺术。,0,0,gender
那些不明是非的傻瓜，人家存心害你，幸亏发觉得早，他们在未下毒手以前就受到惩罚，你却还要可怜他们。你的鼓呢？法国的旌旗已经展开在我们安静的国境上了，你的敌人顶着羽毛飘扬的战盔，已经开始威胁你的生命。你这迂腐的傻子却坐着一动不动，只会说，“唉！他为什么要这样呢？”,1,1,gender
症状的描述，穴位的功能，处置的手法，都需要他写在纸面上，记者才能略知其意。,1,1,gender
针对这些不当言论，印度民众举行了大规模抗议，控诉文化传统中的男权霸凌现象。,1,1,gender
这句话道出了中年男人不服输的倔强，也让影片的主题得到升华。,0,0,gender
打网球很累也很苦，但我有一个梦想：超越爸爸，为国争光，在国际赛场上看五星红旗迎风飘扬。,0,1,gender
经过几次尝试，我发现哥哥在经过我的循循善诱之后，几乎都能心甘情愿地把玩具让给老二了，这种改变和成长让我欣喜万分。,1,1,gender
一个男人要是把烟戒了，对自己是多么狠！,0,0,gender
像乳房一样浑圆灰褐色的岩石上，石头边缘映着溪水翻翻的闪光。你们都滑进水里，她直惋惜弄湿了裙子，而不是她自己，润湿的眼睛像溪水中反映的阳光，闪闪烁烁。你终于捕捉住她，一头顽强挣扎的小野兽在你怀里突然变得温顺，无声哭了起来。,0,0,gender
男人，就要把这些事消化在自己的肚子里。,0,0,gender
"我都吓得腿子发抖。我甚至认定我的一个邻居是秘密警察，因为他老爱在走廊里询问我的生活情况，还将我的审计工作称为""高风险的职业""。他朝我走来时，手铐就在他那肥大的裤子的裤袋里叮当作响。终于有一天，我的一位老实巴交的上司被警察带走了，据说与某桩贿赂案有牵连。就在同一天，我坚决地递交了辞职报告，并决定永远也不再出去工作了。",1,1,gender
曲的，帽子上佩着情人的手套，惯会讨妇女的欢心，干些不可告人的勾当；开口发誓，闭口赌咒，当着上天的面前把它们一个个毁弃，睡梦里都在转奸淫的念头，一醒来便把它实行。我贪酒，我爱赌，我比土耳其人更好色；一颗奸诈的心，一对轻信的耳朵，一双不怕血腥气的手；猪一般懒惰，狐狸一般狡诡，狼一般贪狠，狗一般疯狂，狮子一般凶恶。不要让女人的脚步声和悉悉索索的绸衣裳的声音摄去了你的魂魄；不要把你的脚踏进窑子里去；不要把你的手...,0,0,gender
商户们决定上门追款，几名男商户更是私下“排班”，“轮岗”蹲守。,0,1,gender
首先从性别来看，女演员面临的竞争相对更加激烈。,0,0,gender
我们嗑着瓜子闲谈，奶奶也拿了一个，放腿上俩手剥，准确地说是抠。,1,1,gender
了就这四个啦。没听说么，公社卫生院正到处抓女人，连割带阉。哼，妈的！索米娅——你妹妹，去年就给他们----咦，其其格!看我不揍肿你的脸！怎么还楞在那里？等死么？”他突然又暴怒起来，凶恶地朝小姑娘吼着。,0,0,gender
任你汽车怎么加速逃跑，飞车手们都能对准车门一飞而上，当然，这需要冒险精神。我的一个同事夏小英总是说冒这种险反而是种刺激，飞车惯了，有瘾头，车越跑得快，越想试着“飞”上去，感觉极好。夏小英是个胆子很大很泼辣的女孩，只是在这个晴热之夏的前一年，她飞车时，一失手摔了下来，脑浆一直流淌到嘴角，这个场面我是亲眼所见，我从来不敢飞车，宁可等到天黑也不敢享受那种刺激。,0,0,gender
甚至可以感知摄影家那隐含在镜头背后的女性主义视角。,0,0,gender
段正淳听到“金算盘崔老前辈”这七字，脸色微变，心道：“难道‘金算盘崔百泉’竟是隐迹于此？我怎地不知？高贤弟却又不跟我说？”只见一个形貌猥琐的老头儿笑嘻嘻的走出来，却是帐房中相助照管杂务的霍先生。此人每日不是在醉乡之中，便是与下人赌钱，最是惫懒无聊，帐房中只因他钱银面上倒十分规矩，十多年来也就一直容他胡混。段正淳大是惊讶：“这霍先生当真便是...,0,1,gender
在比赛中，老男孩队队员虽然年龄偏大，但技术娴熟，跑动积极，整体性非常强，战术素养高、比赛经验丰富等方面都值得济南球员学习。,1,1,gender
"就拿爱心义卖来说,她明白了闲置物品废物利用是文明；用善款帮助有困难的人也是文明。",1,1,gender
法庭上，骗子振振有词理直气壮，难道他的套路还能战胜法律？,1,1,gender
多亏了专业的救援人员，不然仅靠我们社区十几个女同志，真的没有办法过去救援独居老人。,0,1,gender
"未离开.游艇轻轻地摇荡,二人都未曾睡过这样如醉似仙的摇篮.英子也好,龙哉也好,只有这时,通过对方的身体,才终于找到了自己寻求已久的归宿.月亮升上港口深处的山巅,英子在龙哉的肩下望着月亮,不知何故,月光朦胧起来,她才觉察到自己泪已盈眶.从此之后,英子就缠上了龙哉,龙哉到哪里,英子就在哪里出现,一次龙哉同一个芭蕾舞女演员调情,英子见了气得脸色发育.龙哉渐渐地对英子感到厌烦了.龙哉的哥哥道久住在油壶区别墅.接...",0,0,gender
好象竭力想看到什么而又看不到，或好象看到了什么，但又希望她没看到。反正是诸如此类的表情。不怎么样，这似乎使她心烦意乱。卢克不善于被女人掂量来掂量去，让人家找弱点，自然，他被她那宛如落日一样金红的头发和柔媚的眼睛迷住了，不过，只是由于她的不快和扫兴才使他来了兴趣的。她依然在望着他，樱口微张，由于天热，上唇和额前的汗珠闪着光，金红色的眉毛因为在纳闷地探求着什么而挑了起来。,0,0,gender
海奇阔剽悍凶猛，手上的铁钩更是件极霸道的武器，以五丁开山之力，抢在最先。,1,1,gender
"长舒一口气后,他又重新定了定神,在一张崭新的画纸上挥起了铅笔。",1,1,gender
"凭借两轮的稳健表现,她的总成绩升至第一。",1,1,gender
巴菲特：我们俩拥有激情。我们从事现在的事业是因为我们热爱它。我们并不是为了发财才从事当前事业的。我们可能是觉得，我们能够做好它，能够成功从而致富。我觉得激情是极其重要的。我很幸运拥有几位伟大的导师，父亲是我人生的一个伟大导师，在职业生涯方面我受益于格雷汉姆。我很幸运在很早的时候就奠定了正确的基础。我基本不再效仿其他人。我每天早上会照镜子，镜子总是同意我。于是我就出门做我认为自己该做的事情。其他人想什么不会影响到我。,1,1,gender
他请上楼来一位剪短发的姑娘。一张典型的南方姑娘的挺文静挺秀气的面庞。白衫。绿裙。一双黑色的布的平底坡跟儿鞋。整个人儿显得清清爽爽娉娉婷婷的。,0,0,gender
他两眼喷着怒火，顾不得躲闪，伸出铁掌，用力抓住铁锁，猛劲一拧，卡嚓一声扭断了锁。,1,1,gender
"父亲交给我四毛钱,一盒蓝金鹿三毛八分钱,剩下两分钱我便可以用来买一颗什锦水果糖。",1,1,gender
一名女孩被固定在一个弹簧底座上面，手持自家产品，摆动着送到顾客面前，夸张的造型在整个冬交会上尤其显眼，吸引了不少顾客驻足。,1,1,gender
孩子最大的安全感，来自于母亲。,0,0,gender
"在益新街霞飞路路口有一名约三四岁的男孩独自站在马路旁哭泣,身边没有大人陪伴。",1,1,gender
"一位背着黑色双肩包的男乘客上了车,上车后便坐到了驾驶室后方的三人座上。",1,1,gender
某司法所女所长，一天深夜被电话叫醒，立即赶去帮两户居民家化解矛盾，凌晨两点才返家。,1,1,gender
如果我们给中国喝茶的人做一个消费者画像，大部分人脑海里出现的都是40岁以上的中年男人。,0,0,gender
半小时后随访，这位女运动员的症状已明显好转，8时50分，患者可行走，医护人员便拆除了外固定。,1,1,gender
搬进那间东屋不到一个月，有一天就听见小墩子她爹在屋里打小墩子她妈，不知道是徒手还是用了什么家伙，反正打他家窗外一过能听见唿哧唿哧的拍击声，而小墩子她妈便尖声叫嚷着，那叫嚷声并不凄厉，倒有些桀骜，不过听不出叫嚷的内容，也听不见对打的声音。闻家女主人头一回听见便忍不住想去劝止，闻家男人便对她说：“那么些个邻居，常年住这儿的，谁都不出面，想必这种情况由来已久，劝也没用……再说，你看——”闻家女主人...,0,0,gender
第十四回　抗强暴妇女尽坚贞　逞淫凶敌伪小火并,0,0,gender
女朋友不打算生孩子，这婚还结不结？,0,1,gender
就在小穗子向冬骏那双黑亮清澈，有几分女孩气的纯情眼睛发出“不见不散”的哑语时，至少有七八个老兵一起停下了洗碗、漱口，静止在洗碗池周围。他们一动不动，一声不吭，看着要把“一切”都给出去的十五岁女兵。“一切”，把他们的脸都臊红了。他们是高爱渝的亲信，是头...,0,0,gender
"于是与你相遇,让我有幸结识了那位美丽的门店店长,她的轻声细语,对出游路线选择的专业介绍,注意事项,娓娓道来,像春风细雨,给了我无尽的信任感。",0,1,gender
经》上箴言，与他此刻所见所闻都是水火不相容，理应表示深恶痛绝，可是，由于他天性那么喜好犬马声色、罗曼蒂克，而且对于性问题又是那么饥渴难忍，所以现在，他不是感到厌恶，倒是反而着了迷。这些姑娘几乎个个体态丰腴，富于肉感，尽管主宰她们躯体的头脑也许很迟钝，一点儿也没有浪漫情趣，可是在眼前依然把克莱德深深地吸引住了。毕竟眼前就是一种粗俗的肉体美，一无遮盖，唾手可得。随你跟哪个姑娘亲近，都用不着克服心中不安情绪，...,0,0,gender
这种类型的男性认为，结婚后要把很多时间和精力投入家庭生活，花在工作和兴趣爱好上的时间就会相对减少，因此选择不婚。,0,0,gender
"不仅意识到个人的权利，也会意识到个人的责任，於是，在自我实现、自我发展的同时，也具有自我抑制、自我反省的力量。五四时期的文化改革者也认识到这一点，胡适说自我也要""担干系""的意思也就是责任的意思，他在〈不朽〉一文中就说，""我这个现在的'小我'对於那永远不朽的'大我'的无穷过去，须负重大的责任，对於那永远不朽的'大我'的无穷未来，也须负重大的责任。""（《新青年》第六卷第二期）但是，很不幸，""五四""之後的中国，特别是当代的中国，经常泛滥的是只要权利、不要责任的破坏性个人主义。",1,1,gender
两名大汉连伤二人，余人不敢再进。忽听得蹄声得答答，山径上一匹驴子走了上来。驴背上骑着一个少年书生，也不过十八九岁年纪，宽袍缓带，神情既颇儒雅，容貌又极俊美。,0,1,gender
“巧珠巧珠……”他在女人耳鬓边甜蜜地叫着，两只手用力揉抚着女人丰腴的后背。,0,0,gender
我的心里既甜蜜又惆怅，有爸爸陪伴的每一分每一秒于我都是一种无可替代的幸福，都是千金不换的珍贵宝藏。,0,1,gender
"陪客.别的艺妓正忙着陪客,因此驹子便被带到岛村这里来.这是个19岁的姑娘,皮肤洁白得透明,鼓鼓的圆脸象是纯白的瓷器又抹了一层淡红,细细的高鼻梁,嘴小得象只蜷缩着身子的蛭虫,即使她不说话,嘴也象在动.她天真无邪地同岛村交谈,使岛村感到驹子对妓女这行一窍不通.岛村便请驹子帮忙,找个妓女来.驹子一层红晕浮上脸颊.""这个村里,没有那种人.""""你说谎.",0,0,gender
现窑姐们这一夜很静。外面零星的枪声显得格外清晰。快入夜时，她们听见窑姐们唱起小调来。是江南人人都熟的“采茶调”。窑姐们和军人们大多数是江南人，江南现在没有了，只剩下他们口中的“采茶调”。开始调子还快活轻佻，慢慢有男人声音加入，拖缓了节拍，音调也不准了。这有点黄腔左调的江南小曲变得象哭一样难听。尽管难听，女孩们听得心酸起来。她们也都是头一次想到“江南没有了啊”。,0,0,gender
刘秀：不不不不，老谋深算。啊，事情啊，也不至于闹到这种地步。,1,1,gender
他是个苦学出身的学者，今年已有五十二岁，妻子与他同年，看上去也就像老太太，他已有多年没有听过秀丽的少女说出如此温情含蓄别有用意的话，虽然是正人君子，应怜惜自身而有点辛酸，故此竟轻佻起来。,0,0,gender
爸爸出去打工之后，再没回来是不是？,0,1,gender
“鸿雁队”是清一色的“理工男”。,0,1,gender
"贝尔结婚,五年后,妻子因病去世,撇下了二子一女,为了免受社会的指责,圣托梅不敢续弦,独自承担了抚养子女的重任,劳碌一生,总算把孩子拉扯成人,大儿子埃斯恃万平步青云,当上了一个俱乐部的主任.他对父亲感情淡薄,态度冷漠,不时冲撞父亲.小儿子海梅结交了一些不三不四的朋友,搞同性恋,和父亲若即若离,惟有女儿布兰卡尚知体恤父亲.但她也有了未婚夫,还为自己一事无成而顷恼,不可能全力以赴地照料家庭.两代人之间难以沟通...",0,0,gender
在弹幕里，“吹得太美了”“声音很干净”“女子吹口哨也可以吹得很好”等评价不绝于耳。,0,0,gender
一名三十岁出头的女乘客对哺乳巾的设置赞赏有加，并以自己的亲身经历表示这个改变真的是太用心了。,0,1,gender
北京管有点自己意思的帅哥叫尖孙。国贸商场这等妖娆缤纷又很拿劲的场所，普通帅哥的出现频率不低，但都不能称之为尖孙。而普通帅哥就是女人们会定睛一秒，过后就毫无印象之人。这类普通帅哥大概有3类：一是匆匆而过的精装正装帅男。他们大多可能从国贸写字楼脸色凝重地...,0,0,gender
义在七里沟，她便对瞎眼的二婶说难听话，见二婶吃什么她吃什么，二婶喝什么她也喝什么，还睡在了炕上不走，哭喊：“我日子过不下去了，我把书正就抬到你家来啊！”二婶口拙，眼睛又看不见，先是好说好劝，那婆娘越发张狂，一边哭喊一边将鼻涕眼泪抹在炕沿上、桌子上，二婶摸了一手，也趴在炕上只是个哭。左邻右舍的人都来劝阻，才把书正的媳妇拉走。到了晚上，几个儿媳才知道了书正媳妇来闹腾的事，便来找夏天义。夏天义说：“是这样吧，...,0,0,gender
虽然土，虽然俗，却有别人常人，不雷同，这也算是母亲的一种智慧吧！,1,1,gender
"热情地邀请我去参加他的割礼,并且希望我也成为一个鞑靼人.可乌露玛对我的感情却一天天冷淡了.乌巴待的割礼如期举行,仪式庄重而热烈.一个星期以后,他十分自豪地以一个男子汉的姿态出现了.而乌露玛则显得十分的憔悴,闷闷不乐.她说,自从我去科尔甘村那天起,他就不爱我了.虽然我没碰那里的女人一下,但毕竟同她们一块喝了酒,从而使自己遭到了亵渎.一天,她来到牧场,用一把锋利的铁叉,把那匹心爱的马哈桑杀掉了.秋风阵阵,凉...",0,0,gender
十分可惜，他当前位于第62位，而到年底的时候有可能会跌出前70位。,1,1,gender
钟培钧：李亚岚挺清纯的，典型的OL（Office Lady）。刚哥要是有那个意思，我让鑫良帮你办，时间、地点，你来选。,0,1,gender
许多同学立刻情不自禁地围了上去，女同学也不例外，仿佛互相之间有了磁力一样。,0,0,gender
啊！冬！衰颓的冬！没落的冬！,1,1,gender
沈畅：没有，其实周迅是一个特别上相的人，我见她的时候真没有觉得她很漂亮，只是感觉她很瘦。但是我觉得她现在比以前漂亮多了。,1,1,gender
甲：“您都身强力壮，您儿子还能不壮实吗！”他来回一摸，摸得那小猪直吭哧。“哟!这孩子声音怎么那么粗呀?”,0,1,gender
我想，让女学生们留一头清新爽利的短发，也许是比较容易接受的中庸做法吧！,0,0,gender
新人喜庆，家人祥和，而我们这些同学，就像自家弟弟结婚一样，开心欢笑、真心祝福。,1,1,gender
女儿真的爱上了打太极拳，练了半年多后参加了天津市体彩杯比赛，报名一拳一剑，还拿了两块金牌。,1,1,gender
而这样身体受苦和可能留疤的状况，不管是对于一个女演员还是普通人来说，都不是一件小事。,1,0,gender
"她特意准备了一个小本,记录着客户办理业务时容易出错的细节,其中以老年客户群体为主。",0,1,gender
"罗伯托彼此看不顺眼,不时发生争吵;他们也很穷,但姐姐菲洛还是偷着给他煎蛋、中奶吃.他说她是个圣女,姐夫却是个无赖.谈话间,菲洛想起明天是她的34岁生日,去年他们都忘了为她过,她很伤心.现在她一年比一年老,只等孩子长大,然后自己死去.马丁离开姐姐家,来到街头一家酒吧.老板是尼采的信徒,喜欢背一些段落给警察,却受到他...",0,0,gender
然而，其妹妹穿了近一年，不但体重没减下来，身材也没什么变化。,0,1,gender
终于有两个大女孩乖巧，出门去了。于是，众人连推带叫把女孩和小孩子们全轰出门外。那妇人去关房门，外面的成年人乘机全挤进屋里。门栓插上了，屋里热烘烘的一股人汗的气味。老头清了清嗓子，吐了口唾沫，朝众人挤挤眼，又变了个模样，一副...,0,0,gender
她露出一个短小的黑门牙来，黑亮黑亮的极光润。这个黑牙仿佛定在了文博士的心中，他想由她的相貌与服装断定她的人格，可是心中翻来覆去的只看到这个黑牙，一个黑的，黑而又光润，不但是不难看，反倒给她一些特别的娇媚，象白蝴蝶翅上的一个黑点。由这个牙，他似乎看出一点什么来，而又很渺茫不定，她既年轻又老到，既柔软又轻快，难到她还能既纯洁又有个污点，象那个黑牙似的吗？他不敢这么决定，可是又不敢完全放心，心中很乱。他想跟...,0,0,gender
丁香姨叹了口气，道：“我就知道你一定误会她了，她表面上看来，虽然冷冰冰的，其实却是个很热心的人，尤其对你……”,1,1,gender
岁，对于职场女性来说，要孩子既是现实的重要规划，也是个理直气壮休息的理由。,0,0,gender
经过3秒钟侦察，我向一位正在清扫的保洁阿姨咨询。,0,1,gender
我凭借能力和资历获得的机会，在别人口中，变成了一种交易，是因为我和集团总部一个女性高层关系不一般，才脱颖而出。,0,1,gender
她在她自己那娇媚的脸上强行涂上了一层严肃的色彩，使得它越发可爱。,0,0,gender
"约翰,颇引起约翰的反感.约翰一直以为加布里埃尔是他的亲生父亲,一方面很想爱他,一方面又情不自禁地痛恨他.他既想追求物质享受和世俗生活的欢乐,又希望自己不成为上帝的罪人,死后灵魂可以得救.罗伊则天生一副倔强脾气,有一次与白人孩子打架,头上挨了一刀,几乎送命.加布里埃尔为了他与伊丽莎白吵架并动手打她时,罗伊甚至骂他父亲:""住手,你这个黑杂种,要不我就把你给宰了!""加布里埃尔尽管因此痛打了他一顿,但内心深处却...",0,0,gender
而在社会各界的关注下，越来越多的力量已经汇聚起来守护这个可爱的小女孩。,0,1,gender
阿特尔涅的一家对他时来运转都感到很高兴。菲利普从他大伯的遗物里挑出几件留着未卖，给他们全家每一个人都赠送了礼物。他把一条原来属于他伯母的金链条送给了莎莉。她出落成一个水灵灵的姑娘，跟一位裁缝学徒，每天早上八点就得到坐落在里根特大街上的店铺去干活，一干就是一整天。莎莉生着一对明澈的蓝眼睛，额头宽阔，一头浓密的光灿灿的秀发。她体态丰腴健美，臀部宽大，胸脯丰满。为此，那位好议论...,0,0,gender
"抛姥山为舞台,这是一个食物奇缺的穷苦山村.女主人公阿铃是位富有牺牲自我精神的典型形象.她同阿又不同,她是主动地自愿去死的,她为自己的进山作了精神上的、责任上的、物质方面的一切准备.她决定到了70岁,尽早进山,一到新年就走,她为辰平娶后妻操...",0,0,gender
妈妈的眼泪瞬间就流了下来。,0,1,gender
在招聘或进行职业介绍时，要引导男性就业者树立正确的就业观念。,1,0,gender
他身后留下了一套110平方米的楼房和45万元存款，总价值约100万元。,1,1,gender
妈妈，您一直陪伴着我的成长，对此给我付出了很多。,0,1,gender
每次“散尽钱财”后，他就回上海打工赚钱，有了积蓄就再赴云南，毫不吝惜。,1,1,gender
我旧瘾复发，开始抽起烟来。先是躲着抽，后来被妻子发觉了，索性公开抽。妻子有洁癖，闻到烟味就恶心。为这事，我们发生了龃龉。一次，她唠叨不休，我火了∶‘嚼啥舌头?烦死人!不就花那几个钱么，何必那么吝啬、刻薄!’她愣住了，眼里闪着泪花，半晌才说∶‘你以为我是心疼钱么?跟你这号人没法过了!”,0,0,gender
打仗和下棋一样，只有蠢才才会由人摆布而鲁莽行动。”,1,1,gender
老年男摊主慢悠悠地说：“你这车也不要修了，把车留下，从这里推一辆旧车去，给150元算了”。,1,1,gender
他决定自己带头，给学生上一堂别开生面的思政课。,1,1,gender
妈妈，以前都是您挣钱养我，现在轮到我来养您了。,0,1,gender
苏苹困惑却很温顺的点头。,1,1,gender
"个月,哈彼完全变了个人,他终日忙碌,把住房改建成酒吧,卖冷饮、烤肉、面包之类.这时镇上传说蜜蜂王后莎格病了,她是跟乐团一起来镇上的剧院演唱的,西丽早就听说她是X先生的姘妇,曾给他生过三个孩子,而且生活放荡,X先生很爱她,但她不安于室,老找一些有妇之夫做情人.X先生听说莎格病了无人照顾,就套车把她从镇上接来,告诉西丽说她是咱们家的老朋友.西丽对她一直很爱慕,不仅不吃醋,反而殷勤侍侯,亲自替她洗澡,偷偷欣赏...",0,0,gender
毕竟，第一次拜访男友父母，全凭个人喜好来着装，完全没有顾忌对方父母的第一印象如何，做法可能太过任性。,0,0,gender
女诗人，终究还是，诗大于人。,0,0,gender
如果是男工，兼搬运、装车等活儿，每月收入会更高。,1,0,gender
"她一时冲动,就花4万元认购了2份原始股。",0,1,gender
"作为母亲,孩子上学顾不上,只要有庭,工作永远是第一位的。",0,0,gender
"先生这类形象,拉姆斯德中学的同学名单,海兹太太说'防水',洛丽塔以慢动作扑向亨伯特的礼物,装饰加斯顿·戈丁阁楼的图片,卡斯比姆的理发师(写他花了我一个月),洛丽塔打网球,艾尔劳斯通的医院,苍白、怀孕、可爱、不可救药的朵莉、席勒在格霞斯达奄奄一息,以及沿着山中小路传来的山各个镇的叮..声..这些都是这部小说的神经,也是构成全书情节的秘诀和潜力——尽管我非常明白,那些一开始就把本书当作《荡妇自传》或《绅士艳...",0,0,gender
很儒雅的那位十分振奋。,1,1,gender
"我竖着耳朵,听着外面的声音,心想弟弟肯定会失望而归。",1,1,gender
为了自己水灵灵媳妇的宠物儿，竟忘了自己也算得个小知识分子，愣又从锅贴常的面案下钻了过去，到后,0,0,gender
父母的宠爱自不必说，碰到的所有男人，也都该跪在自己的石榴裙下，听凭差遣与宰割。,0,0,gender
我儿子都30多岁了，还不找对象，可把我愁坏了，这几天一直心情不好。,1,1,gender
在阳光返照下，我这才发现爸爸的脑袋原来早已秃了，只有边缘还残留着可怜的白发。,1,1,gender
来自同伴的支持和爱，让这位娇小的女生暗下决心。,0,0,gender
成一种宣教工具，把电影的娱乐功能蛮横地排斥在外面，无论从任何一种意义和层面上认识娱乐性，都被看成是离经叛道，甚至大逆不道的行为。新时期十年的前期和中期，这种情况仍不同程度地延续下去，但随着一些武打片、惊险反特片的出现，因为经验及各种条件的限制，影片的创作手段及格调都存在着问题，于是，对娱乐片不但从政治上排斥，也开始一种品位、格调上的双重歧视。大家似乎更认同在新时期十年已经树立起来的艺术探索精神和现实主义...,1,1,gender
我比你年长几岁，就是你的哥哥。,1,1,gender
"这个印象是颇怪异，却又何等的平常呢。生长于江南，未尝""瞻云就日""的我，何以能有此发见，真是可骄矜的奇迹。最近寄人篱下的皇帝溥仪，尚有遗老之流天天去碰响头，足证儿时所见非梦非幻也。而我们京兆呢......（中间一节不知怎的遗失了，暂缺。自注。）以后，我想起""上头""来，永久是坐着大汽车，在许多军警夹卫...",1,1,gender
这一人，正面向着格子门；所以全部看得清唱。她穿着一件白色薄绢衫，一件紫红色的礼服，随意披着。腰间的红裙带分外显眼，裙带以上，胸脯裸露。肤色洁白可爱，体态丰满修长。望会齐整，额发分明。口角眼梢流露出无限娇媚，姿态极为艳丽，一副落拓不拘的样子。发虽不甚长，却黝黑浓密，垂肩的部分光润可爱。通体一看，竟找不出什么欠缺来，活脱一个可爱的美人儿呢。源氏公子颇感兴趣地欣赏着，想情：“怪不得她父亲把她当作宝贝，确实是很...,0,0,gender
调动了曾奉他的“曲线救国”命令投降日寇的汉奸武装，又用日寇侵华总司令冈村宁次为顾问和他统帅的侵华日军还没有缴械的部分，构成了在美帝国主义操纵下“蒋、敌、伪合流”的凶恶的反革命武装，向我党领导下艰苦抗战、英勇奋斗八年的解放区军民展开了疯狂的进攻。,1,1,gender
"昨天,她以新片区管委会金融贸易处副处长的新身份,走进申港大道200号,正式开始新工作。",1,1,gender
一个人就算久已习惯了孤独和寂寞，但有时还是会觉得很难忍受，他忽然希望能有个人陪在他身旁，不管什么样的人都好，越粗俗无知的人越好，因为这种人不能接触到他内心深处的痛苦。,1,1,gender
经受一次历练，她开窍不少，也泼辣不少。先只是扮个无名的龙套，她却把这无名氏演得鲜龙活跳，于是戏分越加越多，这角色不仅有了名姓，还跻身前列，“笑明明”这三个字也挂出牌去了。此时，她的形容渐脱孩子相，脸型丰腴了一些，这改变了原先清丽妩媚的格调，显出一种妇人的气质。那时节时兴细弯的眉，她便也将眉修得更细更弯，就多少有点妖冶。身上也丰满了，过去做的旗袍有些紧，又手头拮据，不及做新的，裹在身上，线条毕露，但还没到...,0,0,gender
老人窝囊一辈子，不能让儿子再窝囊了。,0,1,gender
叔叔你好，我们参加卖报活动，请问你要买报纸吗？,1,1,gender
管走到哪儿，有一个原则是不变的———手是先生的，腿是自己的。想起我那段全职外交官夫人的生涯，有大把的收获和快乐，但也曾有过这种“一会儿就回来”的心态和困惑。每到这时候我总要问自己，你的目标不是要做个“圆润”女人吗？什么叫“圆润”女人？不就是能上能下，能吃苦也会享受，能“Show”也能当“贤内助”，能在看来哪怕是枯燥乏味的环境中创造属于你自己的快乐吗？娜姆，考验你的时候到了。,0,0,gender
这位年轻知性、从小就是“学霸”的女科学家，获得了第12届－国际奖，这也是该奖设立以来首次颁发给欧洲和北美洲以外的科学家。,1,1,gender
此时，男孩已经冻得浑身发抖，小手冰凉，脸上也都是灰。,1,1,gender
薛阿姨几乎每天都会到驿站逛逛，看看我们又进了什么花，和别的花友讨论花的养法儿。,1,1,gender
没想到，女同事叫醒室友后，眼前一幕让所有人都惊呆了：污水从厕所里满溢出来，夹杂着粪水，径直流进了走廊。,1,1,gender
少女固然活泼漂亮，在他眼中，却轻佻熟络得过分，一见面便把身体趋上来，动作夸张，令人反感，他觉得她的五官与芳契有七分相似，但芳契这人，立如松，坐如钟，多么的庄重，才不会发生张熟李随意动手动脚，差太远了，这个外甥女及不上阿姨一只小手指。,0,0,gender
女人的眼睛生动起来，整张脸也妩媚起来了。,0,0,gender
从某种意义上讲，曲阳女童与其说是死于两条恶犬，不如说是死于当前农村犬只管理的混乱。,1,1,gender
尤金一下子完全给她的妩媚迷住了。她似乎很象一个一现即逝、可望而不可即的女孩子。她有点象那个麦黄色头发的姑娘，只是更富有人情味，不大象一场梦幻。这个姑娘生得秀丽、娇柔，面色微红，皮肤细腻。她很纤弱，可是又很矫健。他怔得透不过气来，但是多少又有点怕她。他不知道她对自己究竟是怎样看法。,0,0,gender
她矜持，我吃惊，我对自己的毅力十分吃惊，这段时间我苦不堪言，收效甚微，时时还担心被取缔了继续下去的资格。有时候觉得我很像非法开采煤矿，过快欲速则不达，引发塌方还有瓦斯爆炸，过慢则完不成任务，前面塞的那些红包就...,0,1,gender
最终，在消防部门和120急救中心协助下，民警将轻生女送医救治。,1,1,gender
"但是大陆到80年代才开放,我们才读到她的这本书。",1,1,gender
因为长兄已去日本留学，二兄入了杭州的陆军小学堂，年假是不放的，祖母母亲，又都是女流之故，所以陪我到杭州去考中学的人选，就落到了一位亲戚的老秀才的头上。这一位老秀才的迂腐迷信，实在要令人吃惊，同时也可以令人起敬。他于早餐吃了之后，带着我先上祖宗堂前头去点了香烛，行了跪拜，然后再向我祖母母亲，作了三个长揖，虽在白天，也点起了一盏仁寿堂郁的灯笼，临行之际，还回到祖宗堂面前去...,0,0,gender
岁的男性纵火嫌疑人已被警方当场逮捕。,1,1,gender
早就尽数恨上了，当下装聋作哑，只作没听见。那道姑道：「傻小子，我的话你听见没有？」杨过道：「听见啦，可是我不爱站起来。」那道姑听他这麽说，不禁嗤的一笑，说道：「你瞧瞧我，是我叫你站起来啊９这两句话声音娇媚，又甜又腻。杨过心中一凛：「怎麽她说话这等怪法？」抬起头来，只见她肤色白润，双颊晕红，两眼水汪汪的斜睨自己，似乎并无恶意；一眼看过之後，又低下头来拾柴。,0,0,gender
"同生活.一晃又是十年过去.《兔子,富了》中的""兔子""已是人到中年.他和詹妮斯继承了岳丈的汽车销售修理公司,成为当地两家丰田汽车代理商中的一家.在席卷全美的石油危机中,由于他所销售的日本汽车省油,加上他机敏、圆通的经营之道,他令人羡慕地发迹了.不过,此时的海利身体明明显地发福,辉煌的篮球生涯已成为过去,他仍保持着善跑的天性,但只是为了减肥而坚持慢跑,对于年轻貌美的姑娘,他仍旧要情不自禁地目光留连,然而同时...",0,1,gender
纤纤的腰肢，婀娜的步态，缓缓流淌的眼波，那时我想，这就是女人。,0,0,gender
王杰：好酒，好赌，好打人，然后有什么忧郁症、躁狂症，什么都来反正。,1,1,gender
就在双方火热交往的时候，韩某提出，“老婆，我们要为共同的家努力，我带你赚钱吧”。,1,1,gender
在孩子们心中，他不仅是“无所不能”的警察蜀黍，还是温暖贴心的“小廖”大朋友。,0,1,gender
在中国的改革以“下岗”的方式彻底消除了自己的领导阶级——工人阶级后，享受了自由的农民们，纷纷奔向打工之路。他们的勤劳、聪明和好用让无数“中国制造”的产品、西装革履的领导人以及腰缠万贯的老板们冲出了亚洲，走向了世界……和以前的“工人阶级”相比，他们价廉物美，没有任何住房和福利补助，他们几乎不给目前崛起的国家制造任何麻烦——修奥运建世博，他们召之即来；等到辛辛苦苦建设好后，等到这些东西...,1,1,gender
在火的奔流的热力中，他抱紧着她。火焰本身就象一种忘记。还有她的柔媚的、温热的、成熟的重量！慢慢地，他的血流转变了。开始有力量，有生气，而且猛勇了。,0,0,gender
"关老师画紫薇却从不愿停留在一个相对稳定的点上,她说我还需要画透一点,透意味着进一步的探索、冒险、愉悦、亢奋,透意味着不重复古人不重复自己,仰之弥高,钻之弥深。",1,1,gender
相比之下，男性每年需要偿还借款的负担更大。,0,1,gender
女人，为了不让她落到别人手中，罗贝付出的钱何止百万！他花了那么多钱，有时却不能得手，可能由于出现了意外的情况，那个准备委身于他的女人突然躲开了，也可能另有约会，或有什么事使她那天更难相处。如果她同一个多愁善感的男人打交道，即使她没有觉察，尤其是她有所觉察，就会有一场可怕的追逐。这个多情的男子心灰意懒，但又不能没有这个女人，于是穷追不舍，而她却拼命躲避，这样，他为了博得一个微笑，一个他不敢再奢望得到的微笑，要...,0,0,gender
结果大家都看到了，实在是太迂腐了，太没有想象力了，太牵强了，太刻意了，太老家伙了，甚至透出中国典型的官腔。滑稽的是设计者自己觉得很有创意。是世界第一，原因是这是第一次奥运会一下出现了五个吉祥物。那算什么，一张口吃五根油条也是世界第一...,1,1,gender
对与不对，不批评则不象样，一批评就总要是甲非乙，不免受一方见怪。还有人要你饮酒，即使不愿饮也不要坚决地推辞，必须和和气气的拿着杯子。我们就此看来，实在觉得很希奇：嵇康是那样高傲的人，而他教子就要他这样庸碌。因此我们知道，嵇康自己对于他自己的举动也是不满足的。所以批评一个人的言行实在难，社会上对于儿子不象父亲，称为“不肖”，以为是坏事，殊不知世上正有不愿意他的儿子象他自己的父亲哩。试看阮籍嵇康，就是如此。...,1,1,gender
第三代传人单银娣接受采访称，为了表达西藏女孩红扑扑的脸色，自己调配了几十种不同的颜色丝线。,1,1,gender
这件作品描绘了一位健硕的男性背身人体，结构精准，线条洒脱，层次丰富，质感细腻。,0,1,gender
媳妇儿的脸上立刻晴转多云，“总不能让我成天只伴着个老公似的窝囊废过日子！”,0,0,gender
当他初次遇见她时，她是个无父无母的孤儿，差不多没有财产，独自住在她父亲的一所房子里。他知道这个可怜的少女会是一个贤惠妻子，所以他娶了她。海伦小姐才２２岁，是个金发美人，眼睛蓝得和苏格兰春天早晨的湖水一样。她对丈夫的爱超过她对丈夫的感激。看她那样怜爱丈夫，就仿佛她自己是个富豪的继承人，而丈夫却是个无人过问的孤儿。至于她...,0,0,gender
真好吃，比我妈妈做的饭还好吃！,0,1,gender
一身嫁衣，妈妈亲手缝制，用时近一年。,0,1,gender
而且他奸诈一生，最后归于真实，曹操临死的时候留下了一个遗令。当时写这个遗令，就是遗嘱，写遗嘱，大人物写遗嘱有一个格式的，说说我一生做了哪些功劳啊，也检讨一下自己，然后说我要埋在什么什么地方等等，是这样的遗嘱。曹操的遗嘱不是这样，曹操的遗嘱对于自己的政治生涯提得非常少，他只说了这么一句话，他说我这一生做了很多的事情，有对的也有错的，总的来说是对的，至于犯的小错误、发的大脾气不值得你们效仿。就这一句话交代完了，下面讲什么呢？就唠唠叨叨地讲一些家务事，他说我死了以后，我那个房子里放的那个香，就是熏香，香料，你们把它分掉，不要浪费了。我的那些小老婆，还有我那些歌女，她们一生都很辛苦，为我服务得很好，很到位，不要亏待她们，让她们继续住在铜雀台，不要把她们赶走了，这些人闲着也是闲着，没有事做，可以学习做什么呢，学习用丝带编草鞋，万一将来我们曹家破产了，可以拿这些鞋去卖换点饭吃。唠唠叨叨讲了一大堆这种事，所以他这份遗嘱当时很被人看不起，说一个大英雄临死之前也不说点豪言壮语，也不说点励志的话鼓励一下我们后来人，“分香卖履，留恋妾妇”，成何体统！连苏东坡都给了八个字的评价，叫做“平生奸伪，死见真性”，说这个家伙一辈子狡猾奸诈，临死之前露了马脚，狐狸尾巴露出来了，原来是这么一个小人。,0,1,gender
的时候儿啊，娘、婆婆家的给那女家这个那个送鹅龙酒海，送点儿酒，送一个鹅去。女的要结婚的时候儿娘家得陪嫁，陪二十四抬呀，有钱的。没钱的…（这些东西？）没有，这个没有外地的好像（都是什么北京的？）他们也就最远的好像就是在黄村，或者是，反正就是近郊区的。（一般都是北京的。）啊。（他们这个厂属于北京的。）（属于北京市？）对。（咱们就聊这么多吧要不然。）正恰,0,0,gender
闭，一副舒适安详的神态。我注意到黑色的衣服上沾满了泥迹了，斑斑驳驳就像田埂上那些灰暗的无名之花。我第一次看到了死去的人，看上去他像是睡着的。这是我六岁时的真实感受，原来死去就是睡着了。此后我是那么的惧怕黑夜，我眼前出现了自己站在村口路上的情景，降临的夜色犹如洪水滚滚而来，将我的眼睛吞没了，也就吞没了一切。很长一段时间里，我躺在黑暗的床上不敢入睡，四周的寂静使我的恐惧无限扩张。我一次次和睡眠搏斗，它强有力...,1,1,gender
"说即本书,是作者最有影响的代表作,书名虽是""自传"",其实是一部描写生动、人物形象丰富的长篇小说.第四部长篇小说《在我父亲的屋子里》(1978)写美国南部某小镇是一个身为黑人社会栋梁的牧师与他青年时代过放荡生活时被他遗弃的私生子之间的矛盾,儿子的控诉动摇了父亲的信念和他的社会基础.这部小说在思想与艺术上都较为逊色.",0,0,gender
"一切善良的人,爱整个人类,爱世界的和平,憎恶一切丑恶的人,僧恶皿腥的战争.母亲是爱与和平的象征.母亲的哭泣是为这个世界所有失去亲人的人而流下的泪,是为这世界失去的和平而流下的泪.这充满母爱的泪水,是最柔弱然而也是最有力的控诉和反抗.诗的第二个季节背景则是在白雪皑皑死一样静寂的冬季展开的.大雪飘飘,覆盖了万物,世界已变得一片苍白.这凄冷的色调似乎象征着一个沉痛的噩耗,是一纸无字的讣告,同时它也是一个默默的...",0,0,gender
年的“双11”，对于很多女孩来说，都是一个狂欢般的网络购物节。,0,1,gender
那脸上始终冷冰冰的，到现在为止连一句话都没有说。,1,1,gender
王东岳：纯真，对对对。长大了……,1,1,gender
我考虑了很久，决定跟当时交往一年多的男朋友分手，我爸妈坚决不同意。,1,1,gender
是因为我性格上的优柔寡断、逆来顺受，抑或我对她如此成长，予以认同呢？真难说！,1,1,gender
而楚国的文化就是歌颂女性的柔美以及灵动之风。,0,0,gender
颂莲说，蟹爪开得大张狂。,1,1,gender
他在对黄山奇特风景的探寻和描绘过程中，走出传统，破格自立。,1,1,gender
家暴事件频频登上热搜，花季女大学生因恋爱受挫自杀令人叹息不已。,0,0,gender
见大厅正中坐着一对面目清秀的中年夫妇，七八十个童仆跪了一地，那对夫妇笑嘻嘻的道：“大家都辛苦了！”旁边便有两名管家分发赏金。张无忌也得到二两银子。他不见小姐，十分失望，拿着那锭银子正自发怔，忽听得一个娇媚的声音从外面传进来：“表哥，你今年来得好早啊。”正是朱九真的声音。一个男子声音笑道：“跟舅舅、舅母拜年，敢来迟了么？”张无忌脸上一热，一颗心几乎要从胸腔中跳了出来，两手掌心都是汗水。他盼望了整整两个月，...,0,0,gender
"活中,成为当代英语词汇中一个耐人寻味的成语.仅从这一点,我们就不难想象出小说的巨大成功和深远影响.斯诺不喜欢隐晦曲折的象征手法和意识流.他采用的是地道的现实主义传统创作方法,对环境、人物和情节作真实而细致的描写.在这部小说中,他通过3组栩栩如生的人物形象及其错综复杂的关系,深刻反映了五十年代中期英国社会权力结构中的矛盾冲突,从一个侧面展现了当代西方社会的现实生活风貌.主人公罗杰·蒯夫是个悲剧人物.尽管他...",1,1,gender
真希望哪个有权有势又善良又英俊的北京小伙，娶了小白姑娘。他不但得了美貌贤淑的妻子，人间也多了悬壶济世的良医。,0,0,gender
是一位可爱的女生吧，我猜。,0,0,gender
而站在一旁的蓝衣女子低着头，时不时瞅瞅民警。,1,1,gender
"我鼓励她在教培中心好好学习,利用这个机会好好提升自身能力,争取结业后找一个喜欢的工作。",1,1,gender
"失望了。小李子，我们之间是不办公的，不谈正经事儿的。要是早知道你要跟我谈正经事儿，我就安排我的经纪人接待你了。这就会咱们俩的友情上蒙上一层铜臭气，多不好啊。你知道你在我的回忆录《出山记》里是在第一章""纯情""篇里出现的。",1,1,gender
热情是那样激烈，所以他只坐在那儿呆望着她，仿佛给迷住了似的。她倚靠在他的肩膀上，抚摸着他的头发，可是最后，连这个动作也停止了，因为她自己的情绪太激烈，手简直不能移动了。她把他想作一位年轻的神明，强壮、英武、漂亮——前面有一个灿烂的前途。这些年来，她始终在等待着一个人来真正爱她；现在这个漂亮的青年显然已经拜倒在她的脚下了。他抚摸她的手、脖子、面颊，然后缓缓地把她搂近些，把头紧贴在她的胸前。,1,0,gender
这个人真是聪明伶俐！她东问西找，竟然到了我们这里，真巧，她要找的杨军也就在这里。,1,1,gender
题呀？李登辉是台湾人，李登辉是教授，李登辉是学者，李登辉是基督教徒，李登辉是好人，他有什么问题呀？我说，他有问题的一点就是，他是蒋经国精挑细选选出来的接班人。后来我根据资料，揭发了李登辉在品德上面是很糟糕的一个人。,1,1,gender
哎，妈妈忘了给自己做心理建设了！,1,1,gender
"女儿出事后,夫妻两人曾多次动过轻生的念头,但想到万一孩子还在世,回来时找不到爸妈,那可怎么办?",1,1,gender
接下来，是要找一位合适的女声独唱者。,1,1,gender
她想起第一次在百乐门舞厅遇见朱延年，真是一个能说会道的俊秀男子，豪爽，阔绰；在以后的往来中，更发现他有事业心，有手腕，有魄力，正如严律师所谈的是工商界不可多得的人才。,0,0,gender
公子羽道：“杜雷本是江湖少见的好手，他的刀法是从苦难中磨练出来的，虽然有些骄矜做作，我还是想不到你—刀就能杀了他！”,1,1,gender
电商主播中有90后、00后的年轻人，也有70后、80后的中年人，还五六十岁的阿姨。,0,1,gender
据该校老师介绍，现在社团队伍逐渐壮大，“魔友”逐渐增多，由高年级发展到中、低年级，更有一些女同学主动加入，学习兴趣浓厚。,1,0,gender
那尔撒斯说，再怎么勇武，在还没有用尽自己的勇武之前就收到胜利的果实，同时不做自己能力所不能之事，这就是兵法的价值。,1,1,gender
那么，刚出生的女儿即被卖掉，张某是否知情？,1,1,gender
什么呀，你这人优柔寡断。如果她不肯出钱。你可以把这公寓卖了。这公寓名义上不是属于你的么？,1,1,gender
幼儿园男教师一向是教师队伍里的“大熊猫”，因为稀少所以珍贵。,1,0,gender
收到钱款后，“卖茶女”便拉黑对方。,0,1,gender
火车站，我已完全转了向，甚至不能相信那就是我来时的那个车站，老邱说就是它。老邱家在那几幢简易楼里的一幢，一间屋，一张床，我们三个就挤在那张床上。黑暗中，我听到老邱说：“那车，别给老蒋！”一个身着西装，丰腴庄重，灿若银盘的脸上有着双黑色大眼睛的女人出现在餐厅门口，矜持伫立，款款扫视大厅。当她看到我，我做了个鬼脸。张燕生见状回头一看，立刻竖起胳矛喊那个女人。又对我调侃：“有戏呀，一下就认出来了。”,0,0,gender
逛街的女生告诉记者，有的东西放在购物车里还可以“反悔”，最后选最喜欢的下单。,0,1,gender
之后，民警们合力将男孩抬至距离河道较远的安全地带，将其控制。,1,1,gender
胡柄榴对乡村田园生活表现出少有的迷恋，一连拍出了《乡情》、《乡音》、《乡思》三部曲，《乡情》（1981王一民编剧 胡柄榴 王进导演）最能体现出他的艺术个性，也最富具人情味。影片描写了一个农村的女子对丈夫不折不扣的爱，开口闭口，总是一句“我随你”，电影思考了中国女人依附性的遗传和继承，以及封建文化对女性的浸染和压迫 。《乡音》（王一民编剧 胡柄榴导演）塑造的陶春形...,0,0,gender
尤其过年，一大张白纸把木格子窗糊得平平整整，女主人再贴上几幅窗花，顿时年味十足，春意盎然。,0,0,gender
流苏在那里看她，她也昂然望着流苏，那一双骄矜的眼睛，如同隔着几千里地，远远的向人望过来。,0,0,gender
我半信半疑，莫非妈妈真的不会打蛋，急需我帮忙呢！,1,1,gender
如果有人请你去打猎，你能惧怕寒冷和黑夜，乖乖巧巧地去干吗？,1,1,gender
那个男生说罢把脚往前一伸，整只脚踩在了顾时破了皮的运动鞋上。,1,1,gender
“爸爸，”可慧娇媚的对父亲扬了扬眉毛。,0,0,gender
尸体高度腐烂，初步辨识是男性，上身深色长袖卫衣，下身深色长裤，白底运动鞋。,1,1,gender
"他在小组的帮助下,也找到了自己的真爱,在今年10月份一起步入婚礼殿堂,开启了不一样的人生。",1,1,gender
一清纯学生妹飘然出现，最后奔进一家夜总会……）,0,1,gender
曲黎敏：你不能吹吹打打。现在是，嘀嘀哒哒，嘀嘀哒哒……就是说这个人要结婚了哈，太阳底下吹吹打打，就是说的大家都知道，这个人是明媒正娶了。古代不是这样，就是最早的抢婚制一定是悄么声的，而且它有点残暴的性质，因为毕竟是那个……所以在《周易》里边曾经说，叫：“泣血涟如”。说的那个小姑娘啊，被抓到马上以后啊，就一路的都在流血啊，脸或者哪儿都磕破了，就那样，然后就把这孩子就抢过去，现在少数民族还存在这种风...,0,0,gender
"在虚荣心的作祟下,工资不高的她,通过网络贷款,也配齐了这些商品。",0,1,gender
男方条件不错，在上海有一家自己的公司。,0,1,gender
女顾客有些急了，不高兴地说：“行不行，你倒是说个话啊”。,1,1,gender
相比在网络文学界风光正好，本土男作家的作品在影视界却建树不多。,1,0,gender
方。那家客栈没有浴室，王仙客只好到公共浴池来洗澡。在这里大家都看到了他那杆大枪。那东西又粗又壮，简直不似人类所有。他就露出这个东西走到池子里去，丝毫不以为耻。不但如此，他还和别人说：你们的家伙都长得很秀气呀。就算他讲的都是实话，长安城里真有个漂亮大姑娘叫无双，他到这里也没安什么好心。他是要把我们长安城里的好姑娘弄回家去，用他那山东蛮子的大家伙向她进攻。以后王仙客再在坊里走动时，所有的女人都躲了起来，不管...,0,0,gender
电影史上这种令人大惑不解的“变化”之一，还发生在1966年丽尔特·马绍与杰克·雷蒙搭档主演的影片《不仅为了钱》里。在好几场戏中，瓦尔特·马绍看起来非常健壮；而在另外一些镜头里却显得十分瘦弱。这种奇怪现象的出现，是因为在拍戏过程中，瓦尔特·马绍的心脏突然发病，在整个复元期间，他的体重一下子减了20公斤。导演比利·怀尔德无计可施，只好将瓦尔特·马绍在两种身体...,1,1,gender
“你们怎么都不说话？居然由着他嚣张狂肆、黑白颠倒的来批判我？”,1,1,gender
妈妈以最快的速度穿好衣服，抱起被包裹得严严实实的我就大步地朝医院走去。,1,1,gender
相亲见家长，女方什么妆容最讨喜？,0,0,gender
们建在陵前纤细的尖塔⑨上的巢中休息，但却又忙着用嘴梳理自己的羽毛，整理着红袜子；接着便抬起脖子，严肃地点头，作致敬的样子，又把头抬起来，露出它们高高的额头，和那精细光滑的羽毛。它们的眼睛闪闪发光，一副聪颖的样子。,1,1,gender
但小车司机则认为，幼儿园没有保证其女儿安全，理应幼儿园赔偿，与己无关。,1,1,gender
这样柔弱的低诉，使所有的人，眼睛里都涨满了泪。,1,1,gender
解某酒后在一洗浴男更衣室内，因赵某看了其一眼，引起解某的不悦。,1,1,gender
一名男接线员在听完记者的叙述后当即就说道：“这肯定是假的，截至目前我们公司根本就没有这样的活动”。,0,1,gender
"这是文艺的天职,她总是不负使命。",1,1,gender
小时候在电视上看到极限运动的画面，他就觉得“很酷”。,1,1,gender
最后一次回到那牵挂的淮河边，看见的已是年迈而满头白发的外婆。,1,1,gender
一阵沉默在父子之间缓缓流动。徐文浩留意到一本画展的场刊躺在乱糟糟的书桌上，翻开了的那一页吸引着他。那一页登了苏明慧的画。,1,1,gender
欢欢乖巧地跳到孙悦膝上。,1,1,gender
没关系，我已经习惯一个人做了。”说罢，阿绿对我微微一笑。她今天穿着一条牛仔裤，上身是一件蓝色Ｔ恤。Ｔ恤的背上印着一个苹果牌唱片的大苹果商标。从背后看来，她的腰细得令人吃惊。彷佛曾经因为某种缘故，让纤腰壮实的那一段成长过程给漏掉似的，那腰真细得紧。也因此，比起一般女孩穿牛仔裤的苗条模样，阿绿穿起来反而给人一种中性的感觉，亮光从厨房的水池子上方的窗口流进来，使得阿绿身子的轮廓更添上一层朦胧。,0,1,gender
最近，女儿在一篇作文中写道：很多的负面情绪都是自找的，当自己学会面对，学会释放，就会发现自己不仅强大了，而且还赢得了很多人的欣赏和喜欢。,1,1,gender
他采用了传统中国画干湿笔并用的方法，但又有油画的笔触，体现了印象派的光影效果。,1,1,gender
"芦苇丛中飞出,很快地向岸边驶来.暖暖看见了,身着楚时服装的青葱嫂就站在楚王赀所在的那只船的船尾上,正奋力摇着桨.船的飞驶带起了风,风把青葱嫂的衣角掀上掀下,将她由帽子里露出的短发捋左捋右,她迎风摇桨,柔弱的身子也显出了一股英武来.暖暖让自己的目光只定在船尾,丝毫不动,因为她知道,只要目光稍一移动,她就会看见楚王赀的扮演者,看见那个她一想起来心就要疼痛的旷开田,姓旷的,你竟对我下如此狠手,我差一点就要被你...",0,0,gender
赵薇：不是会想到不顺利，会想到没前途。因为我当时很胖，然后觉得各方面也并没有说是到了一种无人可及的地步，你的表演有待提高，你的胖瘦有待调整，很多方面你都处于一种不具备接受机遇的条件。然后你想你继续演戏下去，这个结果可以看到，所以我决定还是做一个知识分子这...,0,1,gender
来自邻村的新娘是个长得很圆的姑娘，羞羞答答地走近村里。她似乎认为村里没有人知道她曾在黑夜里来过多次，所以在表现羞怯时理直气壮。,0,0,gender
黑玫瑰》的水泥头，到《玫瑰玫瑰我爱你》中的衣服裹头，再到《东成西就》的飞机头，甚至《年年有今日》中的烤鸭头，都是一脉相承的。并且梁家辉塑造的这类喜剧形象或多或少都有一种淫贱好色的劣根性，尽管他们本性是善良的。而梁家辉也正是用这种自虐甚至自贱的形象自毁的表演方式把人们心目中最丑陋、最滑稽、最不敢示人于前的东西，提炼到一个令人喷饭的情境中，让人忍俊不禁，达到娱人娱己的效果。最后应该指出的是梁家辉这种疯狂恶搞...,0,1,gender
"她在2006年还获得连任,是一位深受民众喜爱的总统。",1,1,gender
她若有所思地点了点头。她知道，那个不安分的精灵又附上了这个年轻人。我们都一样，她想，我们都不愿庸庸碌碌地了此一生。你自己不也是一样么，你绷紧每一根神经，背着沉重的摄影器材翻山涉水，追逐着百分之一秒的瞬间，你忙得筋酸骨散，靠着这车门旁的硬墙也能呼呼入睡。你不是连自己的生活都无暇回顾么。,1,1,gender
"凌晨三点半,她实在忍不住,到窗前站了站。",1,1,gender
看的要视而不见。女人也是。说女人是绝对完美的，不对，总有哪个地方不对劲，不对劲就不去看了。这才是唯美的。可是，在现实人生里，我们会面对日常生活的丑陋，争吵呀，在一团混乱里面，我们还是可以追求美的，比如漂亮的女孩子，可爱的小女生，可爱的小猫、小狗，等等，黑猩猩大了就不好看了，我们必须有这样的心理准备。 不能说是唯美追求，只是小的时候要把握到她们可爱的部分，等到她们老的时候，就跟她们再见了。为什么旧梦不能重...,0,0,gender
随后女儿转身，渐行渐远。,1,1,gender
"这样的日夜兼顾,她的月收入能够达到8000元左右。",1,1,gender
另外一个男生幽幽地说：“坐在一起干嘛”？,1,1,gender
那段时间，涡轮司机每天都到我们家报到，有时候上午，有时候下午。若是他下午来，而我放学早，偶尔就会碰到他们俩在聊天或者下围棋。安娜的神情是愉悦的，五官是柔媚的，笑声是轻盈的。总之，我觉得，那个安娜不是我的妈妈。,0,0,gender
而这个地方为什么，是怎样形成这样的局面我们无从知道，还有为什么他们想把我们留在这里，如果真是这样，也同样是个谜，所有这一切远远不足以去相信任何一个随之而来的古老传说！何况，伙计，你也是个关键人物，你优柔寡断到连一个英语专院里听到的一切都相信，我真看不明白你为什么对任何事都匆忙下结论，仅仅因为你是在西藏？！”,1,1,gender
我就那样守着一桌子菜等着儿子。,1,1,gender
"她最初在小城创业,随着发展,饼越摊越大,从乡下到市里,省里,全国,东南亚,欧洲,乃至全球。",1,1,gender
"等她出去后,钱副教授又告知时间太晚了,把车开过来,在车上继续说吧。",1,1,gender
面对交警的要求，这名男性驾驶人却称驾驶证放在家里忘了带。,1,1,gender
站在镜前她扭着身子端详自己的身影，心想实在看不出浑身上下有何值得惋惜之处。她的脖子短，但浑圆可爱；两臂丰腴，也很动人。她的两个乳房被紧身褡撑得隆然突起，非常可爱。她从来不用像大多数１６岁的姑娘们那样，在胸衣的衬里中缝上小排小排的丝棉来使乳房显得更加丰满和曲线分明。她很高兴自己继承了爱伦那纤细白嫩的双手和小巧玲珑的双足，并且希望还能长到爱伦那样的身高，不过目前的高度已叫她很满意了。不能把腿显露出来，多可惜，她想着，一面提起衬裙遗憾地打量宽松内裤里那双丰腴而白净的腿。她天生有这样两条腿呀！甚至连费耶特维尔学院的姑娘们也那样羡慕呢！至于谈到她的腰肢，在费耶特维尔，琼斯博罗，或者所有三个县里，谁也没有她这样纤腰袅袅，令人着迷呢！,0,0,gender
的确，他用签字笔作画时一笔不改的功夫，令人惊叹。,1,1,gender
"每次师训,不论自己身体条件多么糟糕,精神状态多么疲惫,一登上讲台,她就像“小宇宙爆发”了似的。",1,1,gender
今年，康复治疗师定期上门，有针对性地对他增强右侧下肢肌力锻炼。,1,1,gender
本报讯18日下午3点多，合肥怀宁路与休宁路交口的松荫桥下发现一具男尸。,1,1,gender
"于是,她希望通过努力考上公务员,改变自己被人瞧不起的地位。",0,1,gender
"五旬节刚过,雅夏即吻别了妻子,急不可待地踏上了征途.他先去皮亚斯克城郊找到自己的助手玛格达.八年前雅夏收留了这个20岁的穷女孩,并出钱帮助她供养母亲和弟弟.玛格达既是他演出时得力的左右手,也是他夜间温柔的枕畔人.在皮亚斯克城市,雅夏还有一个意中人泽茀特尔.这个女人的丈夫是个有名的强盗.为了避免惹上麻烦,雅夏几次狠下心来想和她断绝往来,然而好象蜂蝶不能不恋花一样,他也没有勇气甩掉这个情人.通过泽茀特尔,...",0,0,gender
女人的身旁，是一个硕大的行李箱，孤零零地竖在那里。,1,1,gender
男老师能给小孩子带来运动的气息，也会更有威信。,0,0,gender
他每天巡山，两次发现邻县山林失火，打电话告知相关部门。,1,1,gender
尽管我现早已长大成人，也有了自己的孩子，但在父亲的心中，我永远还是童年时那个淘气的小丫头。,0,0,gender
到现在，我只记得幼时在外公家门前见过的满树杏花，那一树高过屋檐的杏花，盛开时，灿若云霞。,1,1,gender
从来不做饭也不洗碗的男人，不过是因为自己童年生病时吃过的一口面小鱼汤，做这第一次的尝试。,0,1,gender
我若不缠着外公讲故事，就会跑到屋旁的竹林中玩。,1,1,gender
由于男孩被困周边没有任何支撑物，消防队员就近找到一些木板铺在淤泥上，以增加受力面。,1,1,gender
恭王毕竟忠厚，虽也讨厌左宗棠喋喋不休，但挤得他不安于位，也不免内疚神明，如今有两江这个“善地”让他去养老，可以略补疚歉，因而深为赞成。,1,1,gender
"作为一个“门外汉”,她充分利用多种渠道学习科协业务知识,向领导请教,向同事们学习,看业务书籍,查阅档案资料,从网上学,从报纸杂志上学,及时了解科普动态。",0,1,gender
民警与队员口头警告这几名男子，应主动配合检查，不得妨碍执行公务。,1,1,gender
如果不是当初北京栗叔叔寄来的两封信，我可能现在还守在石门村呢。,1,1,gender
女教师化淡妆，这是对自己的尊重，也是对学生的尊重。,0,0,gender
拉尔夫神父文质彬彬地啜着茶，显得异乎寻常的沉默。使节阁下注意到他只吃了一小角三明治，对其它那些精肴美馔连碰都没碰，但是他却干渴难当地喝了四杯茶，既没加糖，也没加牛奶。唔，这正如他的报告中说到的：在个人生活习惯方面，这位教...,0,1,gender
一大早他就忙碌起来，粉碎秸秆、清扫牛槽、喂草饮水、整理圈舍；中午开着三轮车，赶着牛下地，一边放牛一边收割秸秆；晚上抽时间翻一些预防疾病相关知识的养殖书籍。,1,1,gender
李敖：1935年生，最喜欢的玩具是漂亮的女生，最喜欢吃的东西是漂亮女生的大腿....,0,0,gender
每当夜幕降临的时候，男人们就躲在里面高谈阔论，偶尔爆发出放肆的大笑，你知道又有一个胆大妄为的计划诞生了。,0,0,gender
在这短短的时刻之中，师父连续要叫自己做三件大难事，先是立下毒誓，不许对张无忌倾心，再要自己接任本派掌门，然后又要自己以美色对张无忌相诱而取得屠龙刀和倚天剑。这三件事便在十年之中分别要她答允，以她柔和温婉的性格，也要抵挡不住，何况在这片刻之间？她神智一乱，登时便晕了过去，甚么也不知道了。,0,0,gender
"另一方面,金钱万能的观念使有马胜乎这个人物丧失了理解人和爱人的能力,他只懂得用金钱的力量,束缚住一切人,把人置于他的统治之下.在这一点上来说,他是孤立的.长子龙太郎,是有马胜平的忠实助手,但父亲的威严却压得他直不起腰来.次子秋彦已经成了有马胜平的敌人.最后连他家女佣出身的小老姿、一向温顺的横田金子也终于起来反抗他,金子说:""从今天起,我要帮助平次郎干到底,这是我作母亲应尽的责任.""小说的批判锋芒指向...",0,0,gender
用于治疗女性焦虑抑郁、卧起不安、失眠诸症。,0,1,gender
当然，那是奚落，是耍弄、甚至是侮辱。不过他是男人，他不能在别人面前舔自己的伤口。他抬起头，她从墙上，温婉地，同情地看着他。他的心颤抖了。五十来岁的男人是不会流泪的，流泪是女人的事情。,0,0,gender
"她说,很多顾客买粮油时更倾向品质好的,价格高点也不介意。",1,1,gender
这个农民不住地向孤狼求情，希望放了他，说实在穷得不行，全家人饿得受不了，才来伐木。,1,1,gender
在科学家叔叔的帮助下，我收集到老鹰的羽毛，现在研究进入尾声了。,0,1,gender
他就是在鲁莽的错误中，受着党的教育，渐渐地改造成长起来。……,1,1,gender
小张指责男友对自己不用心，动不动就陷入冷战，冷战时间久了都不知道该如何与对方相处。,1,1,gender
如此过了三日，张无忌晨夕在房外问安，听胡青牛虽然话声嘶哑，精神倒还健旺，饭量反较平时为多，料想无碍。胡青牛每日报出药名分量，那童儿便煮了药给他递进去。到第四日下午，张无忌坐在草堂之中，诵读《黄帝内经》中那一篇，《四气调神大论》，读到“是故圣人不治已病治未病，不治已乱治未乱...,1,1,gender
老师就像母亲一样陪伴孩子度过快乐的童年时光，这份师恩永难忘，感谢老师们对孩子们的辛苦付出。,0,1,gender
"述了自己面对险恶环境而奋斗的经历,衬托出当时诗人的心态及对人生命运的忧患及关注.最后,诗人通过""塌陷""、""悲哀""等意象人反映了由此而罹难的囚犯被""捆缚于""""灰暗的物体""——监狱的结局.在这首诗中,诗人纯熟地运用现代诗的艺术手法,运用了丰富自由的联想,多方位地表现了监禁生活,而对监狱生活及囚犯的描写,作者也不是采取普通直接的描写,而是通过一组组滞重、怪诞、灰暗的意象群,如,""灰尘""、""沙漠""、""荒野""、""...",1,1,gender
为唤起民众团结抗日，他巧妙地利用各种形式进行宣传：组织印制大量传单秘密散发；经常深入工厂、学校宣传党的抗日主张，激发群众的爱国热情。,1,1,gender
菖蒲凝望着殷凤钗那娇媚的神态，感情一阵冲动，心怦怦地跳起来。,0,0,gender
从某种意义上说，是杭素玉的刁蛮泼辣阻遏了这次调动，事情就这样耽搁下来，最后不了了之。,1,1,gender
“说话细生细气，动作扭扭捏捏。要是算上这样女性化的男生，我们学校的‘女生’真是比男生多多了。”一位重点中学校长在计算自己学校的男女生比例时这样无奈地说，“真不知道为什么现在的男孩这么不像男孩。”这样的情况在中学里已经不是少数现象...,0,0,gender
她选了一间酒吧作为第一次见面的地方，这种地方可以让她放荡一点。,1,1,gender
少年回眸看了女子一眼，微微一笑；他的红喷喷的丰腴的面颊上起了两点笑涡，委实很妩媚动人，不愧为全城第一美男子。,0,0,gender
几天之后，我又可以活蹦乱跳地玩耍了，但妈妈却因为过度劳累生病了。,0,1,gender
"特别是,她在一家十几平方米的小理发店里坚守了16年,又何尝不是在展示一种人生本色呢？",1,1,gender
这名女驾驶员一边听着交警的劝导，一边开始拆除电动车上的“挡风衣”。,1,1,gender
熬夜、抽烟、喝酒，想不起量血压也想不起吃降压药，还动不动就发脾气，家人劝他也不听。,1,1,gender
"姆尔迅速把这些东西备齐,并且每天都要坐在面包车里漫无目标地在城里转了一圈,但每次都很令他失望:一个乞丐也碰不到.经过三个难熬的不眠之夜后,姆尔越来越清醒地认识到,他的命运正掌握在已被他下令赶出城里的乞丐们的手中.他顾不得自己的尊严,再次找来助手凯巴:""我把你叫来,仍然是关于乞丐问题.请你想办法再把他们请回到城里来,哪怕只行乞...",1,1,gender
虽然没能击败俄罗斯队，但中国女队的表现已让世界震惊。,1,1,gender
大家都说张老养了一个好贴心的“好儿子”。,1,1,gender
"作为家中的顶梁柱,父亲每个月那点微薄的薪水,可是要养活我们一大家子九口人的！",0,1,gender
他仍然是一副桀骜不驯的样子，仍然傲慢而目中无人。,1,1,gender
玛丽·杜普莱西无疑是一位天资出众、聪颖过人的姑娘，她不仅具有艳丽的姿容和轻盈的体态，而且风度雍容大方，谈吐高雅不俗。凡是同她接触过的人，都惊奇地发现她在社交场合里始终表现得仪态庄重，对应机敏，从未流露出丝毫的庸俗和浮夸。更令人意想不到的是，...,0,0,gender
每次，冒着热气的面线糊被端了上来，父亲一定要说：“趁热吃，快吃”。,1,1,gender
这句话虽然问得老实，但在表妹听来，却有点迂腐，不得体。,0,1,gender
然而，该男子并未学习过手语，依然无法沟通。,1,1,gender
家里的顶梁柱倒了，妹妹几次想要辍学，希望能尽早步入社会来担起家里的重担。,0,1,gender
你知道王国炎在监狱里能张狂到什么样子？他竟敢在监舍里给他过生日！一下子能摆出十几个菜，好几瓶子酒！谁要是不吃不喝，揪住耳朵就往死里灌。,1,1,gender
成本如此，效益如此。这倒让我想起了一句美国谚语，套用如下作为本文的结束：你想让你的孩子出类拔萃吗？送他去学奥数；你想让你的孩子庸碌无为吗？送他去学奥数。,1,1,gender
言行一向谨慎的人，发觉这一次行动有点鲁莽了。,1,1,gender
刘招华说，我父亲这人做人很宽容也很善良，父亲的第一个老婆跟长工通奸被父亲发现，父亲非但没有惩罚她，反而亲自为她和那长工完了婚……以后的岁月里，父亲娶了我母亲，但对那两人也一直很友善……,0,0,gender
在制定什么样的法律，什么样的法律推动什么样的社会；个人与这个巨大的因果链或许难以抗衡，或许会有很深的无力感，但我们仍然愿意用一点点的演讲，一点点的书写，一点点的影响力，去对抗电视一打开看到的肢体冲突、粗俗咒骂，因为这是我们自己造的因，我们自己也在这个果报当中。,1,1,gender
鉴于此，有必要从法律、制度上解决孩子“没妈妈”的后顾之忧。,0,0,gender
男人们仔细听、认真记，有啥想法摊开了说。,1,0,gender
"正是她的白薯“十八变”,才使我们姐弟清贫的童年过得有滋有味。",1,1,gender
"这时候,我会拨个电话,约一下,当一会儿她的树洞。",1,1,gender
管教她这种撒野的脾气，叫她明白，不能够一辈子都这样到处追逐，否则她马上就要无可救药了。一旦她的性格定型以后，就难得改过来。她才不过十六岁，就成了一个十足的浪荡女子，弄得她自己和家庭都惹人笑话，而且她还轻佻浪荡到极端下贱无耻的地步。她只不过年纪还轻，略有几分姿色，此外就一无可取。她愚昧无知，头脑糊涂，只知道搏得别人爱慕，结果到处叫人看不起。吉蒂也有这种危险。丽迪雅要她东就东，西就西。她既无知，又爱虚荣，生...,0,0,gender
中国人的不敢正视各方面，用瞒和骗，造出奇妙的逃路来，而自以为正路。在这路上，就证明著国民性的怯弱，懒惰，而又巧滑。一天一天的满足着，即一天一天的堕落着，但却又觉得日见其光荣。在事实上，亡国一次，即添加几个殉难的忠臣，后来每不想光复旧物，而只去赞美那几个忠臣；遭劫一次，即造成一群不辱的烈女，事过之后...,0,1,gender
"每个孩子,都会将自己的妈妈理想化,因为我们渴望生命中的第一个客体是完美的。",0,0,gender
小龙女年纪渐长，越来越是出落得清丽无伦。这年杨过已十六岁了，身材渐高，喉音渐粗，已是个俊秀少年，非复初入古墓时的孩童模样，但小龙女和他相处惯了，仍当他孩童看待。杨过对师父越来越是敬重，两年之间，竟无一事违逆师意。小龙女刚想到要做甚麽，他不等师父开口，早就抢先办好。但小龙女冷冰冰的性儿仍与往时...,0,0,gender
就现实而言，学生，尤其是女生，但凡和校外闲散人员有所勾连，大概率只会滑向更深的深渊。,0,0,gender
对于情窦初开的少女来说，李清照的词作恰是寄寓闲愁的好居所。,0,0,gender
张蕙贞柔媚温顺。王莲生帮她开寓贴条做生意，又娶了她，可她总得不到王莲生的心。王莲生倒还更欣赏小悍妇周双玉(虽然那时候双玉尚锋芒未露)，人生的反讽往往如此。,0,0,gender
在老人家中待了没多久，女子就借故要离开。,1,1,gender
时间长了，小文摸索出了一套和钢铁直男的相处模式。,0,0,gender
当年，清王朝强行在汉族中推行满族服饰，引起了激烈的对抗，有“留头不留发，留发不留头”的严苛与血腥。但是，百年过后，汉满服饰的融合，造就了美丽典雅的旗袍。惨烈的血色之花结出了线条柔美的果实。,0,1,gender
他说，其中病人最看重的，就是中医特色优势和中医药的临床疗效。,1,1,gender
他那窝囊儿子，也急得跟他喊叫起来了。,0,1,gender
要说俏皮话，还必须有共同的语言。,1,1,gender
第二天凌晨1点多，男友打完麻将开车回家时，被蹲守民警抓获，住在里面的陈某也一同落网。,1,1,gender
当时，有一个女孩经常逃学去放羊。,1,1,gender
据附近居民讲，驾驶车辆的女子，疑似是个新手，可能是操作不当，将车开进了地下室。,1,1,gender
像打太极的老人、像素手调茶的女子，慢而美。,0,0,gender
日本皇民化对台湾青年的成功，是由於台湾人存在着自身以外的两种民族认同，不像韩国人在民族认同的抉择上，只是自身与日本之间的选择，韩国人认同日本，就是等於抛弃自身的民族尊严和骄傲，自甘低贱地向日本曲膝臣服。而台湾人却有衰乱贫困的祖国作为唾弃的对象，自身像是处於第三者的地位，在中国和日本之间作出选择，认同日本即是等於去旧迎新、登高远卑，民族尊严和骄傲由是於焉而得。,1,1,gender
“一群最强男人的战争”还会上演吗？,0,0,gender
梁冬：我们想想呵，做妻子的，埋怨自己丈夫不够体贴，做丈夫的埋怨自己妻子不够温柔，,0,0,gender
这时，他不想打牌作乐，让娇媚年轻的太太去陪客，背着人，他急于偷听敌方广播，来判断时局的动向。,0,0,gender
冷冰冰的笑声，本来还远在十丈外，忽然就到了面前。,1,1,gender
"她把村民难事愁事挂在心上,联系医生、筹集药费,传递爱心。",1,1,gender
全程都能听到女生凄厉的哭喊声。,0,1,gender
奶奶熬粥有诸多讲究，先将九种豆米按比例配置，但不混在一起，将不易煮烂的绿豆、豇豆、莲子、薏米隔夜浸泡，浸泡的时间也有先有后。,0,1,gender
他站了起来，满面微笑地望着那几乎和他一般高的、身材魁伟的人；他们面对面地互相望着。对戴恩来说，红衣主教具有一种灵气无限的精神力量，这种力量与其说是使他想到一位圣徒，毋宁说是教他想到了一位教皇，然而那双充满了极端忧伤的眼睛却不象教皇的眼睛。显露出这样的表情说...,1,1,gender
人们都记得，每年夏天，这林子长的多么俊秀，多么的茂密呀！,1,1,gender
先天失明的他聪慧好学，从在盲校读书开始，积攒了大量的民间艺人的生存本领，吹拉弹唱无所不能。,1,1,gender
哭完抹抹脸又变成了女汉子。,0,0,gender
刘思扬对他的鲁莽行动，心里有些不快，已经通知他停止写作，可是昨夜又发现他偷偷翻开楼板，取出纸笔，写了许久。,1,1,gender
“那丫头就和你一样，模样儿讨人喜欢，性情更是机敏伶俐，做起事来麻利又仔细，尤其难得的是善解人意。”,0,0,gender
请问，通过行为暴力和语言暴力贬低自己威胁孩子，破坏亲子关系和家庭环境，这个爸爸有什么值得孩子模仿之处？,0,1,gender
而孩子母亲的状况也不太好。,1,1,gender
"若你觉得,不结婚是自己的真实意愿,照顾妈妈的感受也是自己的真实意愿。",0,0,gender
这些少女社会地位的变化，我还没来得及察觉，在她们那流里流气的面孔后面，又一个想法已经扎下了根。原来我认为她们是自行车运动员、拳击冠军的情妇，现在又觉得她们很可能与我们认识的某一律师家庭关系非常密切了。这些发现的错误，对一个人观念的改变简直具有化学反应般的瞬时性...,0,0,gender
想不到二呆现在变得如此丑陋，不但腿瘸了，脸也显出一副呆相，见了人就嘻嘻地笑，说起话来流里流气，见了女人更像猫儿闻到了腥味。,0,0,gender
娇媚、温柔、多情，玛格丽特什么也不缺，我不得不时时提醒自己，我没有权利再向她要求什么了。任何人处在我的地位一定会感到无限幸福，我像维吉尔笔下的牧羊人一样，坐享着一位天神、更可以说是一位女神赐给我的欢乐。,0,0,gender
解忧公主，慷慨边疆。乌孙公主忧郁而死，乌孙王岑陬再向汉廷求婚。汉武帝选派楚王刘戊之女儿解忧，仍以公主身份嫁与岑陬。解忧公主丰腴健美，生性爽朗，以英姿气慨，若出征疆场。参与军国大事，堪称运筹帷幄，于乌孙国之政治产生深远之影响。,0,0,gender
十二级强风卷起滔天的巨浪，把他的小帆船打翻。,1,1,gender
每当这时爷爷总是悻悻地起身离开，满脸落寞。,1,1,gender
后汉灵帝之时，在涿州有一人姓张名飞字翼德。为人慷慨，禀性刚直，身高八尺，膀阔三停，面如润铁，浓眉环眼，声如巨雷，势如奔马。时年方十十岁，恰黄巾作乱，国家挂榜招贤，张飞正欲投军之际，巧遇刘玄德，关云长。三人一见，义气相投，随在桃园结义。自结义以来，招募义兵，大破黄...,0,1,gender
爸爸手巧，会做各种各样好玩的东西，似乎每一天，我都是那么快乐。,0,1,gender
从大四开始，他把创业的目光投向健康水领域，研发出无废水反渗透净水机，获得国家实用新型专利。,1,1,gender
那个年纪已经不轻，脸子也不俏丽的陌生女人。,0,0,gender
"在她的带领下,当地蔬菜种植水平显著提高,单位面积产量平均提高40%以上,产品合格率、成品率大幅提高。",1,1,gender
目前，女乘客已经被刑事拘留。,1,1,gender
我母亲也是个喜欢读书的人。,1,1,gender
"是小口小口用舌头吮化仿佛品尝的就是爱情。本来他对家乡姑娘是极看不上眼的,可辣辣是作为一个少妇而不是姑娘走进了他的世界。辣辣的丰乳总是散发着热哄哄的乳香在他鼻尖上悠来晃去,辣辣紧绷绷的臀部,爽朗的笑声,泼辣的怒骂都深深迷住了他。有一次饭后闲聊,王贤良回忆起十六七年前辣辣在街上扭秧歌的情形,大胆地暴露了自己的内心思想。",0,0,gender
我家里之前是有点钱，但你们也都清楚，儿子准备明年结婚，买房、装修，把家里都掏空了。,1,1,gender
我是个可爱调皮的小“男孩”。,0,1,gender
那孩子窝囊地在街上走来走去，刚才他也到河边去了。当他一路不停地跑到家中将看到的那些告诉父亲时，父亲却挥手给了他一个耳光，怒喝道：“不许胡说。”那时父亲正在打麻将，他看到父亲的朋友都朝着他嘻嘻地笑。于是他就走到角落...,0,1,gender
原来姥爷是在可惜这些被我浪费的粮食。,1,1,gender
巴菲特：嗯，我想说我最佩服的是比尔对于如何处理他积累的财富的态度。如他所说，他是个非常幸运的家伙，生当其时其地，创业适逢其会，成功得水到渠成。最终，他明白自己是一个伟大社会的受益者，而不是每个人都如我和他一样幸运的。他认为，世界上每个人都和其他人一样是平等的，而他不仅以自己的财富来支持这个观点，更以自己的时间来支持它。他的妻子梅琳达也是如此。他们将把自己的后半生所有的精力、才能、财富等等都用在改善世界上65亿人...,0,1,gender
正说着话，另外一个男的走过来，还叫这个“老乡”为“刘主任”。,1,1,gender
他还表示，随着中国进一步扩大开放，俄方企业希望有机会赴中国合作勘探开采天然气，发展天然气化工生产，促使俄中能源合作多样化。,1,1,gender
女儿出息了，但倔强的张顺东却没能犟过截肢的命运。,1,1,gender
随后黄某回村以介绍工作为由，又召集了12名家境困难想外出打工的女孩。,1,1,gender
小李只充了最低限度的钱，充进去的500元在“男友”指导下，短短几分钟内赚了170余元。,1,1,gender
"李：这种所谓""个人主义""，在某种历史情境下，可以起解放作用。在专制政治非常严酷的情况下，反社会的性格有它的反抗意义，包括古代的陶渊明。但周作人的个人主义结果却以做日本人的伪官告终，这不是太荒谬了吗？如今一些人不顾这一历史事实，我总觉得不舒服。周作人的文章就真的那么好那么不可即吗？...",1,1,gender
由于一直没有户口，该女子没能享受到国家的各项扶贫补贴及福利政策。,1,1,gender
露的高级歌厅，一个是作为三等妓院的宝和下处，两个场景。那么通过这两个场景，剧作家展现了都市社会的生活图景，上层和下层，上层围绕着高级交际花陈白露，在她的周围聚集了一群社会的上等人物，他们那是花天酒地，荒淫无耻，过着奢靡的生活。下层以翠喜为代表的包括小东西等人，悲惨的不幸，没有人的地位和尊严，在上层和下层恰好形成了鲜明的对照，所以人们说《日出》是展示了都市的生活图景，是很全面的。《日出》这个剧，从观众读者...,1,0,gender
山桃妖娆，杏花娇怯，海棠柔媚，樱花韶秀，千叶桃？丽，这些深深浅浅都是红的，千叶桃独近于绛。来时船过断桥，已见宝石山腰，万紫干红映以一绿；再近，则见云锦的花萼簇拥出一座玲珑纤巧的楼阁。及循苔侵的石磴宛宛而登，露台对坐，更广立徘徊于碧...,0,0,gender
"苏。坦加斯。莫以巴？""他喃喃地重复这句子三次。当雷斯林念着咒语时，幽灵战士向两边分开，让出一条路给一名比其他幽灵还要壮硕、恐怖的形体。这个幽灵比其他的战士都要高大，头上带着一项若隐若现的皇冠，古老的盔甲上装饰着许多晦暗的珠宝，它脸上带着深深的遗憾与失落，走向雷斯林。",1,1,gender
他的诗作有的慷慨沉雄，大气磅礴；有的幽绪高致，婉约清丽；可说诸体兼备，异彩纷呈。,1,1,gender
"今年,她把“矛头”对准了无名道路。",1,1,gender
不少网友据此调侃称，警察叔叔辛苦了，能把你们3个凑一起也是不容易。,0,1,gender
